/*
SQLyog Ultimate v12.09 (32 bit)
MySQL - 10.4.6-MariaDB : Database - db_pesantren
*********************************************************************
*/

/*!40101 SET NAMES utf8 */;

/*!40101 SET SQL_MODE=''*/;

/*!40014 SET @OLD_UNIQUE_CHECKS=@@UNIQUE_CHECKS, UNIQUE_CHECKS=0 */;
/*!40014 SET @OLD_FOREIGN_KEY_CHECKS=@@FOREIGN_KEY_CHECKS, FOREIGN_KEY_CHECKS=0 */;
/*!40101 SET @OLD_SQL_MODE=@@SQL_MODE, SQL_MODE='NO_AUTO_VALUE_ON_ZERO' */;
/*!40111 SET @OLD_SQL_NOTES=@@SQL_NOTES, SQL_NOTES=0 */;
CREATE DATABASE /*!32312 IF NOT EXISTS*/`db_pesantren` /*!40100 DEFAULT CHARACTER SET latin1 */;

USE `db_pesantren`;

/*Table structure for table `btamu` */

DROP TABLE IF EXISTS `btamu`;

CREATE TABLE `btamu` (
  `id_tamu` mediumint(9) NOT NULL AUTO_INCREMENT,
  `nama_tamu` varchar(30) DEFAULT NULL,
  `email_tamu` varchar(50) DEFAULT NULL,
  `saran_tamu` text DEFAULT NULL,
  PRIMARY KEY (`id_tamu`)
) ENGINE=InnoDB AUTO_INCREMENT=7 DEFAULT CHARSET=latin1;

/*Data for the table `btamu` */

insert  into `btamu`(`id_tamu`,`nama_tamu`,`email_tamu`,`saran_tamu`) values (2,'Reza','123@gmail.com','Web nya bagus'),(3,'fitriani','email2@gmail.com','coba di tambahkan foto aku'),(6,'Kurrota Akyun','kurrota-akyun@gmail.com','Website nya bagus');

/*Table structure for table `forum` */

DROP TABLE IF EXISTS `forum`;

CREATE TABLE `forum` (
  `id_forum` int(11) NOT NULL AUTO_INCREMENT,
  `judul_forum` varchar(200) DEFAULT NULL,
  `pelajaran_forum` varchar(7) DEFAULT NULL,
  `isi_forum` text DEFAULT NULL,
  `author` varchar(50) DEFAULT NULL,
  `created` datetime DEFAULT current_timestamp(),
  PRIMARY KEY (`id_forum`)
) ENGINE=InnoDB AUTO_INCREMENT=8 DEFAULT CHARSET=latin1;

/*Data for the table `forum` */

insert  into `forum`(`id_forum`,`judul_forum`,`pelajaran_forum`,`isi_forum`,`author`,`created`) values (4,'Bagaimana cara penyelesaian nya ?','MP-0001','jika a/2 =2 , maka a = ???','Reza','2021-04-21 15:12:54'),(5,'Sinonim dari ?','MP-0003','Sinonim dari berangkat apa ya ?','Reza','2021-04-20 15:13:19'),(6,'Diskusi bahasa indonesia','MP-0003','Apa sinonim dari berangkat','Firmansyah','2022-07-07 11:00:34'),(7,'Diskusi','MP-0003','Antonim dari Aku','Firmansyah','2021-07-11 21:40:35');

/*Table structure for table `guru` */

DROP TABLE IF EXISTS `guru`;

CREATE TABLE `guru` (
  `nip` varchar(18) NOT NULL,
  `nama_guru` varchar(50) DEFAULT NULL,
  `alamat_guru` text DEFAULT NULL,
  `agama_guru` varchar(10) DEFAULT 'Islam',
  `jenkel_guru` varchar(1) DEFAULT NULL,
  `pendidikan_guru` varchar(70) DEFAULT NULL,
  `notel_guru` varchar(13) DEFAULT NULL,
  `email_guru` varchar(30) DEFAULT NULL,
  `foto_guru` varchar(37) DEFAULT NULL,
  PRIMARY KEY (`nip`)
) ENGINE=InnoDB DEFAULT CHARSET=latin1;

/*Data for the table `guru` */

insert  into `guru`(`nip`,`nama_guru`,`alamat_guru`,`agama_guru`,`jenkel_guru`,`pendidikan_guru`,`notel_guru`,`email_guru`,`foto_guru`) values ('1111111111111112','Panji Siregar','Batusangkar','Islam','L','S1 - Pendidikan Agama Islam','082381386888','Pss1@gmail.com','d3ff6727b2f0761230f847cfb5ccc6ba.jpg'),('1201042504710002','Mahmuddin Siregar, S. Pd','Jl. Lobu Tanjung Baringin Kampung Setia Sarogodung',NULL,'L','S- 1PAI','082267889878','mahmuddin@gmail.com','edaa6291fc58baa200c25eae14c40ff4.jpg'),('1203012104950014','Andrie Hadinata Pane, S. Pd','Jl. Lobu Tanjung Baringin Kampung Setia Sarogodung',NULL,'L','S-1 Pendidikan Kimia','082256765434','andriehadinata@gmail.com','6646fe0eb2f6f60f3b8560dd2e978685.jpg'),('1203025105720002','Misnarti, S. Pd','Jl. Lobu Tanjung Baringin Kampung Setia Sarogodung',NULL,'P','S-1 PAI','086578654356','misniarti@gmail.com','d6d105fa48f2101cb719ae583cef6e58.jpg'),('1203040912660002','Kemis P, S. Pd','Jl. Lobu Tanjung Baringin Kampung Setia Sarogodung',NULL,'L','S-1 Pend. Seni','082212567865','kemis@gmail.com','d0589748b4724ffbf8f2e20ebadc03e6.jpg'),('1203041111680002','Askari','Jl. Lobu Tanjung Baringin Kampung Setia Sarogodung',NULL,'L','S-1 Pend. Bahasa Indonesia','082345679098','askari@gmail.com','fd1342994db29ecc7f59a0d8b36a14cf.jpg'),('1203041811950001','Rido Muliadi Batubara, S. Pd','Jl. Lobu Tanjung Baringin Kampung Setia Sarogodung',NULL,'L','S-1 Pend. Olahraga','0823564534567','ridomuliadi@gmail.com','6906600af85521baaf6ee4a8cd7eabe7.jpg'),('1203042101910001','Ikhsan Bonar Pratama, S. Pd','Jl. LobubTanjung Baringin Kampung Setia Sarogodung',NULL,'L','S-1 Pendidikan Fisika','082212456765','ikhsanbonar@gmail.com','b63e2c7f724e77525a441644b4407e9f.jpg'),('1203042606680007','Mara Honip, S. Pd','Jl. Lobu Tanjung Baringin Kampung Setia Sarogodung',NULL,'L','S-1 Pend. Matematika','082345323456','marahonip@gmail.com','f097b579bcff2ddd988175485f2f4740.jpg'),('1203045409960005','Santi Pertiwi Pane','Jl. Lobu Tanjung Baringin Kampung Setia Sarogodung',NULL,'P','S-1 Pend. Olahraga','085212456765','santipertiwi@gmail.com','2294c8179dafe72bdff68157df62c483.jpg'),('1203045810670006','Dra. Yusdamurni','Jl. Lobu Tanjung Baringin Kampung Setia Sarogodung',NULL,'P','S-1 Pend. Biologi','085345678976','yusdamurni@gmail.com','108df7a470059ca748fb08831b05315b.jpg'),('1203046403870004','Tuti Adawiyah Siregar','Jl. Lobu Tanjung Baringin Kampung Setia Sarogodung',NULL,'P','S- 1PAI','082256432345','adawiyah@gmail.com','8cb1e403d557a243c375012c48977e44.png'),('1203046504910003','Filda Fitriyanti, S. Pd','Jl. Lobu Tanjung Baringin Kampung Setia Sarogodung',NULL,'P','S-1 Pend. Fisika','082345435654','filda@gmail.com','bb066760822793820f56339f89844946.png'),('1203046605910004','Maya Fitriani Batubara, S. Pd','Jl. Lobu Tanjung Baringin Kampung Setia Sarogodung',NULL,'P','S-1 Pend. Matematika','082212676545','mayafitriani@gmail.com','f24c33fdd33dd666aaf5f3074f06bca5.jpg'),('1203144107040007','Masniari Batubara, S. Pd','Jl. LobubTanjung Baringin Kampung Setia Sarogodung',NULL,'P','S-1 Pendidikan Ekonomi','082256765467','masniar@gmail.com','9c9ae8da4ad3f6816f84d010fcae9423.png'),('1203212011900003','Febriandi Siregar, S. Pd','Jl. Lobu Tanjung Baringin Kampung Setia Sarogodung',NULL,'L','S-1 Pend. B. Inggris','082212564345','febriandi@gmail.com','7207166e00291791fa8bf9215221dc80.jpg'),('1213031603940001','M.  Adi Rahman , SPd','Jl. Lobu Tanjung Baringin Kampung Setia Sarogodung',NULL,'L','S-1 PBA (Bahasa Arab)','085212567654','adirahman@gmail.com','3d403a856d63cf892bba9fbb6e265ecb.jpg'),('1213061607930004','Rahmad Syahril, S. Pd','Jl. Lobu Tanjung Baringin Kampung Setia Sarogodung',NULL,'L','S-1 Pendidikan Ekonomi','082256761267','rahmadsyahril@gmail.com','cb78ffba50e13c597624f23cec0494c7.jpg'),('1221080303930002','Abdul Halim, S. Pd','Jl. Lobu Tanjung Baringin Kampung Setia Sarogodung',NULL,'L','S-1 PBA (Bahasa Arab)','082278651234','abdulhalim@gmail.com','064c84ffebe7eca7300cd20f41d62f47.jpg'),('1223040506950005','Muhammad Rivai Hutasuhut, S. Pd','Jl. Lobu Tanjung Baringin Kampung Setia Sarogodung',NULL,'L','S-1 PAI','085234563245','mhdrivai@gmail.com','3fb935518b3cdb26b4934c9f97353d5e.jpg'),('1277046004980002','Perak Yanti P, S. Pd.I','Jl. Lobu Tanjung Baringin Kampung Setia Sarogodung',NULL,'P','S-1 PBA (Bahasa Arab)','085234567654','yanti@gmail.com','21747ef3cd87a9f9be676dbd92c40c22.jpg'),('51234111','Aql','Batusangkar','Islam','L','S1 - Pendidikan Agama Islam','082356422345','aqil@gmail.com','428e1c06a2bfe64ed62f34dcfe30e85a.png'),('71234111','Wildani','Padang Pariaman','islam','L','Strata 1 - Pendidikan Komputer','08782312342','wildani@gmail.com','af71f1a0afe05c5e673a684e15993bb8.png'),('87654321','Helmi','Alahan Panjang','islam','P','Strata 1 - Pendidikan Bahasa Inggris','0821987244551','helmi@gmail.com','7a984215e8ae94da2950c34de8ea4393.jpg'),('92116321','Dasrial','Padang Panjang','islam','L','Strata 1 - Pendidikan Sasta Indonesia','08782312342','das09@gmail.com','755e5ff26daa3270d5f8c79e1444950a.jpg');

/*Table structure for table `hasil_ujian` */

DROP TABLE IF EXISTS `hasil_ujian`;

CREATE TABLE `hasil_ujian` (
  `id_hasil` mediumint(9) NOT NULL AUTO_INCREMENT,
  `id_ujian_hasil` varchar(20) DEFAULT NULL,
  `kelas_hasil` varchar(20) DEFAULT NULL,
  `guru_hasil` varchar(20) DEFAULT NULL,
  `siswa_hasil` varchar(20) DEFAULT NULL,
  `benar` int(11) DEFAULT NULL,
  `salah` int(11) DEFAULT NULL,
  `kosong` int(11) DEFAULT NULL,
  `jumlah` int(11) DEFAULT NULL,
  `score` float DEFAULT NULL,
  `tgl` datetime DEFAULT current_timestamp(),
  PRIMARY KEY (`id_hasil`)
) ENGINE=InnoDB AUTO_INCREMENT=47 DEFAULT CHARSET=latin1;

/*Data for the table `hasil_ujian` */

insert  into `hasil_ujian`(`id_hasil`,`id_ujian_hasil`,`kelas_hasil`,`guru_hasil`,`siswa_hasil`,`benar`,`salah`,`kosong`,`jumlah`,`score`,`tgl`) values (39,'UJNPNDKSP-0000001','K-00002','92116321','19980619',1,1,1,3,33.3333,'2021-06-26 23:25:39'),(40,'UJNPNDKSP-0000001','K-00002','92116321','12345679',0,3,0,3,0,'2021-06-27 01:06:50'),(41,'UJNPNDKSP-0000004','K-00005','1223040506950005','30598835',3,0,0,3,100,'2021-06-29 10:36:42'),(42,'UJNPNDKSP-0000004','K-00005','1223040506950005','00514450',1,2,0,3,33.3333,'2021-06-29 10:38:50'),(43,'UJNPNDKSP-0000004','K-00005','1223040506950005','00572042',2,1,0,3,66.6667,'2021-06-29 10:40:30'),(44,'UJNPNDKSP-0000005','K-00007','1203012104950014','00313274',2,1,0,3,66.6667,'2022-07-07 10:46:21'),(45,'UJNPNDKSP-0000005','K-00007','1203012104950014','00461926',1,2,0,3,33.3333,'2022-07-07 10:47:34'),(46,'UJNPNDKSP-0000005','K-00007','1203012104950014','00320794',3,0,0,3,100,'2022-07-07 10:48:52');

/*Table structure for table `jadwal` */

DROP TABLE IF EXISTS `jadwal`;

CREATE TABLE `jadwal` (
  `id_jadwal` int(11) NOT NULL AUTO_INCREMENT,
  `id_kelas_jadwal` varchar(8) DEFAULT NULL,
  `hari_jadwal` varchar(2) DEFAULT NULL,
  `id_mapel_jadwal` varchar(8) DEFAULT NULL,
  `jam_msk_jadwal` time DEFAULT NULL,
  `jam_keluar_jadwal` time DEFAULT NULL,
  `id_guru_jadwal` varchar(18) DEFAULT NULL,
  PRIMARY KEY (`id_jadwal`)
) ENGINE=InnoDB AUTO_INCREMENT=48 DEFAULT CHARSET=latin1;

/*Data for the table `jadwal` */

insert  into `jadwal`(`id_jadwal`,`id_kelas_jadwal`,`hari_jadwal`,`id_mapel_jadwal`,`jam_msk_jadwal`,`jam_keluar_jadwal`,`id_guru_jadwal`) values (44,'K-00007','1','MP-0003','08:00:00','09:05:00','1203041111680002'),(45,'K-00007','1','MP-0004','10:00:00','11:05:00','1221080303930002'),(46,'K-00007','3','MP-0002','08:00:00','09:00:00','1203012104950014'),(47,'K-00007','4','MP-0020','10:00:00','11:01:00','1213031603940001');

/*Table structure for table `kelas` */

DROP TABLE IF EXISTS `kelas`;

CREATE TABLE `kelas` (
  `id_kelas` varchar(7) NOT NULL,
  `nama_kelas` varchar(30) DEFAULT NULL,
  `wali_kelas` varchar(50) DEFAULT NULL,
  PRIMARY KEY (`id_kelas`)
) ENGINE=InnoDB DEFAULT CHARSET=latin1;

/*Data for the table `kelas` */

insert  into `kelas`(`id_kelas`,`nama_kelas`,`wali_kelas`) values ('K-00003','X.1','1203041811950001'),('K-00006','X-2','1201042504710002'),('K-00007','XI-1','1203012104950014'),('K-00008','X-3','1203025105720002'),('K-00009','XI-2','1203040912660002');

/*Table structure for table `komentar` */

DROP TABLE IF EXISTS `komentar`;

CREATE TABLE `komentar` (
  `id_komentar` int(11) NOT NULL AUTO_INCREMENT,
  `id_forum_komentar` int(11) DEFAULT NULL,
  `isi_komentar` text DEFAULT NULL,
  `author_komentar` varchar(50) DEFAULT NULL,
  `created_komentar` datetime DEFAULT current_timestamp(),
  PRIMARY KEY (`id_komentar`),
  KEY `FK_komentar` (`id_forum_komentar`),
  CONSTRAINT `FK_komentar` FOREIGN KEY (`id_forum_komentar`) REFERENCES `forum` (`id_forum`) ON DELETE CASCADE
) ENGINE=InnoDB AUTO_INCREMENT=11 DEFAULT CHARSET=latin1;

/*Data for the table `komentar` */

insert  into `komentar`(`id_komentar`,`id_forum_komentar`,`isi_komentar`,`author_komentar`,`created_komentar`) values (5,5,'Pergi<br>','Dasrial','2021-04-21 15:18:21'),(7,4,'jiha','Dasrial','2021-04-26 09:01:24'),(8,6,'Pergi','Abu Dujanah Siregar','2022-07-07 11:01:51'),(9,6,'hggfyu','Kurrota Akyun','2021-07-12 20:31:56'),(10,6,'jgj','Kurrota Akyun','2021-07-12 20:33:53');

/*Table structure for table `mapel` */

DROP TABLE IF EXISTS `mapel`;

CREATE TABLE `mapel` (
  `id_mapel` varchar(7) NOT NULL,
  `nama_mapel` varchar(30) DEFAULT NULL,
  PRIMARY KEY (`id_mapel`)
) ENGINE=InnoDB DEFAULT CHARSET=latin1;

/*Data for the table `mapel` */

insert  into `mapel`(`id_mapel`,`nama_mapel`) values ('MP-0001','Matematika Peminatan'),('MP-0002','Fisika'),('MP-0003','Bahasa Indonesia'),('MP-0004','Bahasa Arab'),('MP-0005','Pendidikan Kewarganegaraan'),('MP-0006','Sejarah'),('MP-0007','Akidah Akhlak'),('MP-0008','Prakarya dan Kewirausahaan'),('MP-0009','Senibudaya'),('MP-0010','Biologi Pendalaman'),('MP-0011','Bahasa Inggris'),('MP-0012','Fiqih'),('MP-0013','Kimia'),('MP-0014','Kemuhammadiyaan'),('MP-0015','Matematika Wajib'),('MP-0016','Biologi'),('MP-0017','Informatika'),('MP-0018','Sejarah Kebudayaan Islam'),('MP-0019','Pend.  Jasmani Or. Kesehatan'),('MP-0020','Al-Quran Hadits'),('MP-0021','Tahfidzul-Quran');

/*Table structure for table `materi` */

DROP TABLE IF EXISTS `materi`;

CREATE TABLE `materi` (
  `id_materi` int(11) NOT NULL AUTO_INCREMENT,
  `id_mapel_materi` varchar(10) DEFAULT NULL,
  `id_kelas_materi` varchar(10) DEFAULT NULL,
  `id_guru_materi` varchar(20) DEFAULT NULL,
  `judul_materi` varchar(50) DEFAULT NULL,
  `file_materi` varchar(55) DEFAULT NULL,
  `tgl_materi` datetime DEFAULT current_timestamp(),
  PRIMARY KEY (`id_materi`)
) ENGINE=InnoDB AUTO_INCREMENT=8 DEFAULT CHARSET=latin1;

/*Data for the table `materi` */

insert  into `materi`(`id_materi`,`id_mapel_materi`,`id_kelas_materi`,`id_guru_materi`,`judul_materi`,`file_materi`,`tgl_materi`) values (2,'MP-0003','K-00002','87654321','Rekomendasi HP Gaming Harga 2 Juta an','Rekomendasi_HP_Gaming_Harga_2_Juta_an.pdf','2021-03-30 13:18:07'),(3,'MP-0005','K-00002','92116321','Kapan di temukan','Kapan_di_temukan.pdf','2021-07-02 23:03:31'),(4,'MP-0005','K-00002','92116321','Kapan Berakhir','Kapan_Berakhir.pdf','2021-07-06 10:23:02'),(5,'MP-0002','K-00002','1203012104950014','Gaya gravitasi bumi','Gaya_gravitasi_bumi.docx','2021-07-07 06:28:10'),(6,'MP-0002','K-00007','1203012104950014','Gaya gravitasi bumi','Gaya_gravitasi_bumi1.docx','2022-07-07 10:37:01'),(7,'MP-0002','K-00007','1203012104950014','Test2','Test2.docx','2021-07-09 21:02:05');

/*Table structure for table `pengumuman` */

DROP TABLE IF EXISTS `pengumuman`;

CREATE TABLE `pengumuman` (
  `id_pengumuman` int(11) NOT NULL AUTO_INCREMENT,
  `judul_pengumuman` text DEFAULT NULL,
  `ket_pengumuman` text DEFAULT NULL,
  `tgl_pengumuman` datetime DEFAULT current_timestamp(),
  `foto_pengumuman` varchar(36) DEFAULT NULL,
  PRIMARY KEY (`id_pengumuman`)
) ENGINE=InnoDB AUTO_INCREMENT=14 DEFAULT CHARSET=latin1;

/*Data for the table `pengumuman` */

insert  into `pengumuman`(`id_pengumuman`,`judul_pengumuman`,`ket_pengumuman`,`tgl_pengumuman`,`foto_pengumuman`) values (5,'Pelajaran Dilakukan Dirumah Karena Covid 19','<p>Dalam rangka penjegahan covid 19, seluruh pelajaran dilakukan secara daring / online. Diharapkan siswa untuk menghubungi guru masing2, untuk teknis belajar secara daring / online<br></p>','2021-04-22 13:42:38','0042fe06a5fdc2847f7858ed6b29ad19.jpg'),(12,'Mulai Pembelajaran','<p>Pembelajaran tatap muka kita mulai seminggu siap lebaran<br></p>','2021-04-22 15:31:46',NULL),(13,'Pembayaran Uang SPP','<p>pemabyaran uang spp tahun ajaran 2020-2021</p>','2021-04-26 08:45:36','863eddb7f95dc8500865119febbef577.jpg');

/*Table structure for table `siswa` */

DROP TABLE IF EXISTS `siswa`;

CREATE TABLE `siswa` (
  `nis` varchar(8) NOT NULL,
  `nama_siswa` varchar(50) DEFAULT NULL,
  `tempatlahir_siswa` varchar(30) DEFAULT NULL,
  `tgllahir_siswa` date DEFAULT NULL,
  `jenkel_siswa` varchar(1) DEFAULT NULL,
  `email_siswa` varchar(50) DEFAULT NULL,
  `alamat_siswa` text DEFAULT NULL,
  `kelas_siswa` varchar(7) DEFAULT NULL,
  `notel_siswa` varchar(13) DEFAULT NULL,
  `namaayah_siswa` varchar(50) DEFAULT NULL,
  `notelayah_siswa` varchar(13) DEFAULT NULL,
  `namaibu_siswa` varchar(50) DEFAULT NULL,
  `notelibu_siswa` varchar(13) DEFAULT NULL,
  `foto_siswa` varchar(36) DEFAULT NULL,
  `tingkat_siswa` int(11) DEFAULT 1,
  `created_siswa` datetime DEFAULT current_timestamp(),
  PRIMARY KEY (`nis`)
) ENGINE=InnoDB DEFAULT CHARSET=latin1;

/*Data for the table `siswa` */

insert  into `siswa`(`nis`,`nama_siswa`,`tempatlahir_siswa`,`tgllahir_siswa`,`jenkel_siswa`,`email_siswa`,`alamat_siswa`,`kelas_siswa`,`notel_siswa`,`namaayah_siswa`,`notelayah_siswa`,`namaibu_siswa`,`notelibu_siswa`,`foto_siswa`,`tingkat_siswa`,`created_siswa`) values ('00313274','Firmansyah','Batangtoru','2003-11-11','L','Firman@gmail.com','Komp. MAS KH. Ahmad Dahlan Kampung Setia','K-00007','081256786567','Fadli Gunawan','-','Fitriani','-','c6744afb8b0753da6b793a682f2bc365.jpg',7,'2021-07-01 22:36:12'),('00320794','Nur Aisyah Siregar','Gunungtua Baringin','2003-11-10','P','aisyah@gmail.com','Komp. MAS KH. Ahmad Dahlan Kampung Setia',NULL,'087721367898','Gunawan Siregar','-','Marela Pane','082212675676','0ec615cc3cfe9e9f201012b944551649.png',7,'2021-07-07 06:18:56'),('00398810','Andi Ragil Siregar','Batangtoru','0003-03-03','L','andiragil@gmail.com','Komp. MAS KH. Ahmad Dahlan Kampung Setia',NULL,'081267876567','Ardiansyah Siregar','082312786567','Reni Hayati Harahap','-','998d302f4d043ea03cd9e2338e90c028.jpg',7,'2021-07-01 22:36:12'),('00461926','Maya Sari Simbolon','Pinang Sori','2004-08-07','P','mayasari@gmail.com','Komp. MAS KH. Ahmad Dahlan Kampung Setia',NULL,'087712789865','Mara Laut Simbolon','-','Hotnaida Nasution','081278656787','713e1ab15fd17c86c541aab03a1c1dac.png',7,'2021-07-01 22:36:12'),('00480546','Hilda Rayana','Palopat Maria','2004-12-11','P','hilda@gmail.com','Komp. MAS KH. Ahmad Dahlan Kampung Setia',NULL,'081267878976','Hairun','081267564576','Hanifah','081276789812','293686ae31b855e6fa5ffa6e66fa6e00.png',7,'2021-07-01 22:36:12'),('00509525','Feri Khairiwanshah Harahap','Aek Sabaon Julu','2005-02-07','L','ferikhairiwansah@gmail.com','Komp. MAS KH. Ahmad Dahlan Kampung Setia',NULL,'081278654534','Arfan Afandi Harahap','-','Kholijah Siregar','-','5d5d9be85ebe300aaa1b1c3eb1b5d00c.jpg',7,'2021-07-01 22:36:12'),('00510172','Farhan Sani','Tanjung Balai','2005-04-04','L','farhansani@gmail.com','Komp. MAS KH. Ahmad Dahlan Kampung Setia',NULL,'081267564567','Farhanuddin','-','Laila Mananti Nasution','082212678767','75a965003e04916956dd962c00146c0a.jpg',7,'2021-07-01 22:36:12'),('00514450','Abu Dujanah Siregar','Sipirok','2005-07-09','L','dujanah@gmail.com','Komp. MAS KH. Ahmad Dahlan Kampung Setia',NULL,'087723123456','Abu Khoir Siregar','082278654543','Indah Ritongan','081245676545','09eaf546932b3d17c0dc51f58238f234.jpg',7,'2021-07-01 22:36:12'),('00514666','Amelia Putri Siregar','Padangsidimpuan','2005-07-01','L','ameliaputri@gmail.com','Komp. MAS KH. Ahmad Dahlan Kampung Setia',NULL,'087745654345','Tanwir Siregar','081256434567','Winda Dongoran','085233456543','5effd8a9297e9f18c5952ae1866c8729.png',7,'2021-07-01 22:36:12'),('00515427','ANNISA RIZKY LUBIS','Batangtoru','2005-02-11','P','annisarizky@gmail.com','Komp. MAS KH. Ahmad Dahlan Kampung Setia','K-00005','087756786545','Khoruddin Lubis','-','Anni Kholilah','082312345676','41328035ac6487ee0c1e16c06a47e08e.png',7,'2021-07-01 22:36:12'),('00515728','Mawaddah rahmadani','Bogor','2005-12-10','P','mawaddah@gmail.com','Komp. MAS KH. Ahmad Dahlan Kampung Setia',NULL,'081234567876','Harifin','081267545645','Anjani','081267564523','2b8d29e37f462bca77491f13ebbb8c7c.png',7,'2021-07-01 22:36:12'),('00521147','Hafidi Rizki Gultom','Sibaruang','2005-01-05','L','hafidi@gmail.com','Komp. MAS KH. Ahmad Dahlan Kampung Setia',NULL,'081256453456','-','-','-','-','b43b5db394843984c2ef0b60ba0e1dee.jpg',7,'2021-07-01 22:36:12'),('00525796','Lasdi Yori Pane','Huta Bagasan','2005-05-08','L','lasdiyori@gmail.com','Komp. MAS KH. Ahmad Dahlan Kampung Setia',NULL,'0877898767898','-','-','Mardhiah','081267876756','0ca3463928fdde3eace5258f412ed63f.png',7,'2021-07-01 22:36:12'),('00544354','Aripin Muttaqin Harahap','Manegen','2005-12-01','L','aripin@gmail.com','Komp. MAS KH. Ahmad Dahlan Kampung Setia',NULL,'081267545678','-','-','-','-','1ee1d2f0e1eae17b20035b9bd24e68ea.jpg',7,'2021-07-01 22:36:12'),('00571397','Hafifah Hanim','Pakantan','0005-08-05','P','hafifah@gmail.com','Komp. MAS KH. Ahmad Dahlan Kampung Setia',NULL,'081267545676','Nurdin','081267564534','Nur Hanifah','-','0dfed58c9522cd112e32be7ae515cace.png',7,'2021-07-01 22:36:12'),('00572042','Ananda Tegar Samudra','Sialang','2004-02-11','L','ananda@gmail.com','Komp. MAS KH. Ahmad Dahlan Kampung Setia',NULL,'087756435678','Revan Samudra','082212345676','Rahmi Harahap','082212675467','877cbd8d0fea3da758465cc099faf142.jpg',7,'2021-07-01 22:36:12'),('00584430','Dinda Dwi Azira','Sinunukan','2005-06-08','P','dindaazira@gamail.com','Komp. MAS KH. Ahmad Dahlan Kampung Setia',NULL,'081267890989','Juanda','082278656765','Rina','-','4d407521fa9ff70cc4c04cd54c9fb594.png',7,'2021-07-01 22:36:12'),('00694452','Intan Aulia  Putri','Depok','2005-07-30','P','aintanaulia@gmail.com','Komp. MAS KH. Ahmad Dahlan Kampung Setia',NULL,'087712346787','-','-','-','-','92249391e651824cdb75fc0a5a3120b1.png',7,'2021-07-01 22:36:12'),('30570979','Nabila Khairani','Sihepeng','2005-09-19','P','nabilakhairani@gmaul','Komp. MAS KH. Ahmad Dahlan Kampung Setia',NULL,'082212675456','Muhammad Hafidz','-','Naila Azzahra','081265786545','a6b062ca620b34ce71a99bdde7177a2e.png',7,'2021-07-01 22:36:12'),('30586921','Diah Satriani Ritonga','Sale Baru','2005-09-21','P','diahsatriani@gmail.com','Komp. MAS KH. Ahmad Dahlan Kampung Setia',NULL,'087712567876','Setriadi Ritonga','081234565645','Rosidah','082212675456','83ae7206b565edb6886ad21e109dd028.png',7,'2021-07-01 22:36:12'),('30598835','Aisyah Siregar','Hutabalang','2005-12-07','P','aisyah@gmail.com','Komp. MAS KH. Ahmad Dahlan Kampung Setia',NULL,'081256543456','Muklis Siregar','082212786567','Rosidah Ritonga','081245676545','13431beb50d0b8f24cc820a501793d93.png',7,'2021-07-01 22:36:12');

/*Table structure for table `soal` */

DROP TABLE IF EXISTS `soal`;

CREATE TABLE `soal` (
  `id_soal` mediumint(9) NOT NULL AUTO_INCREMENT,
  `guru_soal` varchar(20) DEFAULT NULL,
  `mapel_soal` varchar(20) DEFAULT NULL,
  `file` varchar(60) DEFAULT NULL,
  `soal` longtext DEFAULT NULL,
  `opsi_a` longtext DEFAULT NULL,
  `opsi_b` longtext DEFAULT NULL,
  `opsi_c` longtext DEFAULT NULL,
  `opsi_d` longtext DEFAULT NULL,
  `file_a` varchar(60) DEFAULT NULL,
  `file_b` varchar(60) DEFAULT NULL,
  `file_c` varchar(60) DEFAULT NULL,
  `file_d` varchar(60) DEFAULT NULL,
  `jawaban` varchar(5) DEFAULT NULL,
  `created_on` datetime DEFAULT current_timestamp(),
  PRIMARY KEY (`id_soal`)
) ENGINE=InnoDB AUTO_INCREMENT=17 DEFAULT CHARSET=latin1;

/*Data for the table `soal` */

insert  into `soal`(`id_soal`,`guru_soal`,`mapel_soal`,`file`,`soal`,`opsi_a`,`opsi_b`,`opsi_c`,`opsi_d`,`file_a`,`file_b`,`file_c`,`file_d`,`jawaban`,`created_on`) values (1,'92116321','MP-0005',NULL,'<p>BPUPKI di dirikan tanggal ??</p>','<p>14 Januari 194</p>','<p>17 Agustus 1945&nbsp;&nbsp;</p>','<p>1 April 1992</p>','<p>Tidak ada jawaban yang benar</p>',NULL,NULL,NULL,NULL,'D','2021-04-09 22:20:29'),(2,'92116321','MP-0005',NULL,'<p>Indonesia meraih kemerdekaan pada ??</p>','<p>17 Agustus 1945&nbsp; &nbsp;</p>','<p>18 Agustus 1945</p>','<p>22 Mei 1945</p>','<p>Benar semua</p>',NULL,NULL,NULL,NULL,'A','2021-04-09 22:21:25'),(3,'92116321','MP-0003',NULL,'<p>Tanggapan penolakan di bawah ini yang tepat adalah ...</p>','<p><span style=\"color: rgb(87, 87, 87); font-family: Roboto, Arial, sans-serif;\">Saya tidak sependapat dengan Anda yang tidak masuk akal</span><br></p>','<p><span style=\"color: rgb(87, 87, 87); font-family: Roboto, Arial, sans-serif;\">Maaf, hal itu tidak dapat diterima.</span><br></p>','<p><span style=\"color: rgb(87, 87, 87); font-family: Roboto, Arial, sans-serif;\">Saya kurang sependapat dengan Bapak karena saya belum yakin tentang hal itu.</span><br></p>','<p><span style=\"color: rgb(87, 87, 87); font-family: Roboto, Arial, sans-serif;\">Wah, pendapat itu harus ditolak!</span><br></p>',NULL,NULL,NULL,NULL,'C','2021-04-09 22:25:35'),(4,'92116321','MP-0003','957cf2edbf60211f58ad80bbc4f2c1be.jpg','<p>Gambar ini termasuk ?</p>','<p>Anime</p>','<p>Kartun</p>','<p>Sinetron</p>','<p>Abstrak</p>',NULL,NULL,NULL,NULL,'A','2021-04-18 14:35:13'),(5,'92116321','MP-0003','e6797fe870cdb410885f15d4a2d61e17.jpg','<p>Gambar yang tidak mirip&nbsp; dengan gambar di atas adalah ?</p>','','','','','51259b925b910279a298c43877e699f1.jpg','9390bb83a2d31b7741e4650fc0ec83aa.png','9c5074c1eb1d48f85472aceb9ac11215.jpg','f442209e2eee8a881824509b76ee749d.jpg','B','2021-04-18 14:36:55'),(6,'92116321','MP-0001',NULL,'<p>Hasil dari 2 / 4 adalah&nbsp;</p>','<p>4</p>','<p>1</p>','<p>2</p>','<p>3</p>',NULL,NULL,NULL,NULL,'C','2021-04-18 16:08:07'),(7,'1223040506950005','MP-0007',NULL,'Kata akidah merupakan serapan dari bahasa arab. Akidah artinya ...','<p>Kekuatan</p>','<p>Keteguhan&nbsp;&nbsp;&nbsp;&nbsp;</p>','<p>Keyakinan</p>','<p>Keberanian</p>',NULL,NULL,NULL,NULL,'C','2021-06-29 10:22:00'),(8,'1223040506950005','MP-0007',NULL,'<p>Asmaul Husnah merupakan nama nama Allah yang baik. Mengesakan Allah dalam nama namanya merupakan tauhid...</p>','<p>Ululhiya</p>','<p>Rububiyah&nbsp;&nbsp;&nbsp;&nbsp;</p>','<p>Rahmaniah</p>','<p>Asma wa sifat</p>',NULL,NULL,NULL,NULL,'D','2021-06-29 10:25:29'),(9,'1223040506950005','MP-0007',NULL,'<p>Islam mengajarkan kepada ummatnya untuk memiliki sifat syaja\'ah. syaja\'ah artinya...</p>','<p>Bijaksana</p>','<p>Sabar</p>','<p>Merasa cukup</p>','<p>Berani</p>',NULL,NULL,NULL,NULL,'D','2021-06-29 10:27:41'),(10,'1203012104950014','MP-0002',NULL,'<p><span style=\"color: rgb(0, 0, 0); font-family: Roboto, sans-serif; font-size: 16px; font-style: normal; font-variant-ligatures: normal; font-variant-caps: normal; font-weight: 400; letter-spacing: normal; orphans: 2; text-align: start; text-indent: 0px; text-transform: none; white-space: normal; widows: 2; word-spacing: 0px; -webkit-text-stroke-width: 0px; background-color: rgb(255, 255, 255); text-decoration-thickness: initial; text-decoration-style: initial; text-decoration-color: initial; display: inline !important; float: none;\">Pekerjaan berikut dapat dilakukan di laboratorium:</span></p>','<p><span style=\"color: rgb(0, 0, 0); font-family: Roboto, sans-serif; font-size: 16px; font-style: normal; font-variant-ligatures: normal; font-variant-caps: normal; font-weight: 400; letter-spacing: normal; orphans: 2; text-align: start; text-indent: 0px; text-transform: none; white-space: normal; widows: 2; word-spacing: 0px; -webkit-text-stroke-width: 0px; background-color: rgb(255, 255, 255); text-decoration-thickness: initial; text-decoration-style: initial; text-decoration-color: initial; display: inline !important; float: none;\">Bawa makanan</span>&nbsp;&nbsp;&nbsp; <br></p>','<p><span style=\"color: rgb(0, 0, 0); font-family: Roboto, sans-serif; font-size: 16px; font-style: normal; font-variant-ligatures: normal; font-variant-caps: normal; font-weight: 400; letter-spacing: normal; orphans: 2; text-align: start; text-indent: 0px; text-transform: none; white-space: normal; widows: 2; word-spacing: 0px; -webkit-text-stroke-width: 0px; background-color: rgb(255, 255, 255); text-decoration-thickness: initial; text-decoration-style: initial; text-decoration-color: initial; display: inline !important; float: none;\">Bermain-main</span></p>','<p><span style=\"color: rgb(0, 0, 0); font-family: Roboto, sans-serif; font-size: 16px; font-style: normal; font-variant-ligatures: normal; font-variant-caps: normal; font-weight: 400; letter-spacing: normal; orphans: 2; text-align: start; text-indent: 0px; text-transform: none; white-space: normal; widows: 2; word-spacing: 0px; -webkit-text-stroke-width: 0px; background-color: rgb(255, 255, 255); text-decoration-thickness: initial; text-decoration-style: initial; text-decoration-color: initial; display: inline !important; float: none;\">Bawalah minuman</span></p>','<p><span style=\"color: rgb(0, 0, 0); font-family: Roboto, sans-serif; font-size: 16px; font-style: normal; font-variant-ligatures: normal; font-variant-caps: normal; font-weight: 400; letter-spacing: normal; orphans: 2; text-align: start; text-indent: 0px; text-transform: none; white-space: normal; widows: 2; word-spacing: 0px; -webkit-text-stroke-width: 0px; background-color: rgb(255, 255, 255); text-decoration-thickness: initial; text-decoration-style: initial; text-decoration-color: initial; display: inline !important; float: none;\">Dengan jas lab</span></p>',NULL,NULL,NULL,NULL,'D','2021-07-07 06:31:28'),(11,'1203012104950014','MP-0002',NULL,'<p><span style=\"color: rgb(0, 0, 0); font-family: Roboto, sans-serif; font-size: 16px; font-style: normal; font-variant-ligatures: normal; font-variant-caps: normal; font-weight: 400; letter-spacing: normal; orphans: 2; text-align: start; text-indent: 0px; text-transform: none; white-space: normal; widows: 2; word-spacing: 0px; -webkit-text-stroke-width: 0px; background-color: rgb(255, 255, 255); text-decoration-thickness: initial; text-decoration-style: initial; text-decoration-color: initial; display: inline !important; float: none;\">Jumlah berikut termasuk jumlah nominal adalah …</span><br style=\"box-sizing: border-box; text-shadow: rgba(0, 0, 0, 0.024) 1px 1px 1px; -webkit-font-smoothing: antialiased !important; backface-visibility: hidden !important; color: rgb(0, 0, 0); font-family: Roboto, sans-serif; font-size: 16px; font-style: normal; font-variant-ligatures: normal; font-variant-caps: normal; font-weight: 400; letter-spacing: normal; orphans: 2; text-align: start; text-indent: 0px; text-transform: none; white-space: normal; widows: 2; word-spacing: 0px; -webkit-text-stroke-width: 0px; background-color: rgb(255, 255, 255); text-decoration-thickness: initial; text-decoration-style: initial; text-decoration-color: initial;\"><span style=\"color: rgb(0, 0, 0); font-family: Roboto, sans-serif; font-size: 16px; font-style: normal; font-variant-ligatures: normal; font-variant-caps: normal; font-weight: 400; letter-spacing: normal; orphans: 2; text-align: start; text-indent: 0px; text-transform: none; white-space: normal; widows: 2; word-spacing: 0px; -webkit-text-stroke-width: 0px; background-color: rgb(255, 255, 255); text-decoration-thickness: initial; text-decoration-style: initial; text-decoration-color: initial; display: inline !important; float: none;\"></span></p>','<p><span style=\"color: rgb(0, 0, 0); font-family: Roboto, sans-serif; font-size: 16px; font-style: normal; font-variant-ligatures: normal; font-variant-caps: normal; font-weight: 400; letter-spacing: normal; orphans: 2; text-align: start; text-indent: 0px; text-transform: none; white-space: normal; widows: 2; word-spacing: 0px; -webkit-text-stroke-width: 0px; background-color: rgb(255, 255, 255); text-decoration-thickness: initial; text-decoration-style: initial; text-decoration-color: initial; display: inline !important; float: none;\">Pencahayaan yang panjang, kuat, suhu</span><br style=\"box-sizing: border-box; text-shadow: rgba(0, 0, 0, 0.024) 1px 1px 1px; -webkit-font-smoothing: antialiased !important; backface-visibility: hidden !important; color: rgb(0, 0, 0); font-family: Roboto, sans-serif; font-size: 16px; font-style: normal; font-variant-ligatures: normal; font-variant-caps: normal; font-weight: 400; letter-spacing: normal; orphans: 2; text-align: start; text-indent: 0px; text-transform: none; white-space: normal; widows: 2; word-spacing: 0px; -webkit-text-stroke-width: 0px; background-color: rgb(255, 255, 255); text-decoration-thickness: initial; text-decoration-style: initial; text-decoration-color: initial;\"><span style=\"color: rgb(0, 0, 0); font-family: Roboto, sans-serif; font-size: 16px; font-style: normal; font-variant-ligatures: normal; font-variant-caps: normal; font-weight: 400; letter-spacing: normal; orphans: 2; text-align: start; text-indent: 0px; text-transform: none; white-space: normal; widows: 2; word-spacing: 0px; -webkit-text-stroke-width: 0px; background-color: rgb(255, 255, 255); text-decoration-thickness: initial; text-decoration-style: initial; text-decoration-color: initial; display: inline !important; float: none;\"></span></p>','<p><span style=\"color: rgb(0, 0, 0); font-family: Roboto, sans-serif; font-size: 16px; font-style: normal; font-variant-ligatures: normal; font-variant-caps: normal; font-weight: 400; letter-spacing: normal; orphans: 2; text-align: start; text-indent: 0px; text-transform: none; white-space: normal; widows: 2; word-spacing: 0px; -webkit-text-stroke-width: 0px; background-color: rgb(255, 255, 255); text-decoration-thickness: initial; text-decoration-style: initial; text-decoration-color: initial; display: inline !important; float: none;\">massa, jumlah zat, arus listrik yang kuat</span><br style=\"box-sizing: border-box; text-shadow: rgba(0, 0, 0, 0.024) 1px 1px 1px; -webkit-font-smoothing: antialiased !important; backface-visibility: hidden !important; color: rgb(0, 0, 0); font-family: Roboto, sans-serif; font-size: 16px; font-style: normal; font-variant-ligatures: normal; font-variant-caps: normal; font-weight: 400; letter-spacing: normal; orphans: 2; text-align: start; text-indent: 0px; text-transform: none; white-space: normal; widows: 2; word-spacing: 0px; -webkit-text-stroke-width: 0px; background-color: rgb(255, 255, 255); text-decoration-thickness: initial; text-decoration-style: initial; text-decoration-color: initial;\"><span style=\"color: rgb(0, 0, 0); font-family: Roboto, sans-serif; font-size: 16px; font-style: normal; font-variant-ligatures: normal; font-variant-caps: normal; font-weight: 400; letter-spacing: normal; orphans: 2; text-align: start; text-indent: 0px; text-transform: none; white-space: normal; widows: 2; word-spacing: 0px; -webkit-text-stroke-width: 0px; background-color: rgb(255, 255, 255); text-decoration-thickness: initial; text-decoration-style: initial; text-decoration-color: initial; display: inline !important; float: none;\"></span></p>','<p><span style=\"color: rgb(0, 0, 0); font-family: Roboto, sans-serif; font-size: 16px; font-style: normal; font-variant-ligatures: normal; font-variant-caps: normal; font-weight: 400; letter-spacing: normal; orphans: 2; text-align: start; text-indent: 0px; text-transform: none; white-space: normal; widows: 2; word-spacing: 0px; -webkit-text-stroke-width: 0px; background-color: rgb(255, 255, 255); text-decoration-thickness: initial; text-decoration-style: initial; text-decoration-color: initial; display: inline !important; float: none;\">Berat, suhu, waktu</span><br style=\"box-sizing: border-box; text-shadow: rgba(0, 0, 0, 0.024) 1px 1px 1px; -webkit-font-smoothing: antialiased !important; backface-visibility: hidden !important; color: rgb(0, 0, 0); font-family: Roboto, sans-serif; font-size: 16px; font-style: normal; font-variant-ligatures: normal; font-variant-caps: normal; font-weight: 400; letter-spacing: normal; orphans: 2; text-align: start; text-indent: 0px; text-transform: none; white-space: normal; widows: 2; word-spacing: 0px; -webkit-text-stroke-width: 0px; background-color: rgb(255, 255, 255); text-decoration-thickness: initial; text-decoration-style: initial; text-decoration-color: initial;\"><span style=\"color: rgb(0, 0, 0); font-family: Roboto, sans-serif; font-size: 16px; font-style: normal; font-variant-ligatures: normal; font-variant-caps: normal; font-weight: 400; letter-spacing: normal; orphans: 2; text-align: start; text-indent: 0px; text-transform: none; white-space: normal; widows: 2; word-spacing: 0px; -webkit-text-stroke-width: 0px; background-color: rgb(255, 255, 255); text-decoration-thickness: initial; text-decoration-style: initial; text-decoration-color: initial; display: inline !important; float: none;\"></span></p>','<p><span style=\"color: rgb(0, 0, 0); font-family: Roboto, sans-serif; font-size: 16px; font-style: normal; font-variant-ligatures: normal; font-variant-caps: normal; font-weight: 400; letter-spacing: normal; orphans: 2; text-align: start; text-indent: 0px; text-transform: none; white-space: normal; widows: 2; word-spacing: 0px; -webkit-text-stroke-width: 0px; background-color: rgb(255, 255, 255); text-decoration-thickness: initial; text-decoration-style: initial; text-decoration-color: initial; display: inline !important; float: none;\">Panjang, energi, waktu</span><br style=\"box-sizing: border-box; text-shadow: rgba(0, 0, 0, 0.024) 1px 1px 1px; -webkit-font-smoothing: antialiased !important; backface-visibility: hidden !important; color: rgb(0, 0, 0); font-family: Roboto, sans-serif; font-size: 16px; font-style: normal; font-variant-ligatures: normal; font-variant-caps: normal; font-weight: 400; letter-spacing: normal; orphans: 2; text-align: start; text-indent: 0px; text-transform: none; white-space: normal; widows: 2; word-spacing: 0px; -webkit-text-stroke-width: 0px; background-color: rgb(255, 255, 255); text-decoration-thickness: initial; text-decoration-style: initial; text-decoration-color: initial;\"><br></p>',NULL,NULL,NULL,NULL,'B','2021-07-07 06:33:20'),(12,'1203012104950014','MP-0002',NULL,'<p><span style=\"color: rgb(0, 0, 0); font-family: Roboto, sans-serif; font-size: 16px; font-style: normal; font-variant-ligatures: normal; font-variant-caps: normal; font-weight: 400; letter-spacing: normal; orphans: 2; text-align: start; text-indent: 0px; text-transform: none; white-space: normal; widows: 2; word-spacing: 0px; -webkit-text-stroke-width: 0px; background-color: rgb(255, 255, 255); text-decoration-thickness: initial; text-decoration-style: initial; text-decoration-color: initial; display: inline !important; float: none;\"><span>&nbsp;</span>Kelompok-kelompok berikut secara eksklusif terdiri dari jumlah turunan, kecuali …</span><br style=\"box-sizing: border-box; text-shadow: rgba(0, 0, 0, 0.024) 1px 1px 1px; -webkit-font-smoothing: antialiased !important; backface-visibility: hidden !important; color: rgb(0, 0, 0); font-family: Roboto, sans-serif; font-size: 16px; font-style: normal; font-variant-ligatures: normal; font-variant-caps: normal; font-weight: 400; letter-spacing: normal; orphans: 2; text-align: start; text-indent: 0px; text-transform: none; white-space: normal; widows: 2; word-spacing: 0px; -webkit-text-stroke-width: 0px; background-color: rgb(255, 255, 255); text-decoration-thickness: initial; text-decoration-style: initial; text-decoration-color: initial;\"><span style=\"color: rgb(0, 0, 0); font-family: Roboto, sans-serif; font-size: 16px; font-style: normal; font-variant-ligatures: normal; font-variant-caps: normal; font-weight: 400; letter-spacing: normal; orphans: 2; text-align: start; text-indent: 0px; text-transform: none; white-space: normal; widows: 2; word-spacing: 0px; -webkit-text-stroke-width: 0px; background-color: rgb(255, 255, 255); text-decoration-thickness: initial; text-decoration-style: initial; text-decoration-color: initial; display: inline !important; float: none;\"></span></p>','<p><span style=\"color: rgb(0, 0, 0); font-family: Roboto, sans-serif; font-size: 16px; font-style: normal; font-variant-ligatures: normal; font-variant-caps: normal; font-weight: 400; letter-spacing: normal; orphans: 2; text-align: start; text-indent: 0px; text-transform: none; white-space: normal; widows: 2; word-spacing: 0px; -webkit-text-stroke-width: 0px; background-color: rgb(255, 255, 255); text-decoration-thickness: initial; text-decoration-style: initial; text-decoration-color: initial; display: inline !important; float: none;\">Lebar, gaya, energi</span><br style=\"box-sizing: border-box; text-shadow: rgba(0, 0, 0, 0.024) 1px 1px 1px; -webkit-font-smoothing: antialiased !important; backface-visibility: hidden !important; color: rgb(0, 0, 0); font-family: Roboto, sans-serif; font-size: 16px; font-style: normal; font-variant-ligatures: normal; font-variant-caps: normal; font-weight: 400; letter-spacing: normal; orphans: 2; text-align: start; text-indent: 0px; text-transform: none; white-space: normal; widows: 2; word-spacing: 0px; -webkit-text-stroke-width: 0px; background-color: rgb(255, 255, 255); text-decoration-thickness: initial; text-decoration-style: initial; text-decoration-color: initial;\"><span style=\"color: rgb(0, 0, 0); font-family: Roboto, sans-serif; font-size: 16px; font-style: normal; font-variant-ligatures: normal; font-variant-caps: normal; font-weight: 400; letter-spacing: normal; orphans: 2; text-align: start; text-indent: 0px; text-transform: none; white-space: normal; widows: 2; word-spacing: 0px; -webkit-text-stroke-width: 0px; background-color: rgb(255, 255, 255); text-decoration-thickness: initial; text-decoration-style: initial; text-decoration-color: initial; display: inline !important; float: none;\"></span></p>','<p><span style=\"color: rgb(0, 0, 0); font-family: Roboto, sans-serif; font-size: 16px; font-style: normal; font-variant-ligatures: normal; font-variant-caps: normal; font-weight: 400; letter-spacing: normal; orphans: 2; text-align: start; text-indent: 0px; text-transform: none; white-space: normal; widows: 2; word-spacing: 0px; -webkit-text-stroke-width: 0px; background-color: rgb(255, 255, 255); text-decoration-thickness: initial; text-decoration-style: initial; text-decoration-color: initial; display: inline !important; float: none;\">Jenis, energi, usaha</span><br style=\"box-sizing: border-box; text-shadow: rgba(0, 0, 0, 0.024) 1px 1px 1px; -webkit-font-smoothing: antialiased !important; backface-visibility: hidden !important; color: rgb(0, 0, 0); font-family: Roboto, sans-serif; font-size: 16px; font-style: normal; font-variant-ligatures: normal; font-variant-caps: normal; font-weight: 400; letter-spacing: normal; orphans: 2; text-align: start; text-indent: 0px; text-transform: none; white-space: normal; widows: 2; word-spacing: 0px; -webkit-text-stroke-width: 0px; background-color: rgb(255, 255, 255); text-decoration-thickness: initial; text-decoration-style: initial; text-decoration-color: initial;\"><span style=\"color: rgb(0, 0, 0); font-family: Roboto, sans-serif; font-size: 16px; font-style: normal; font-variant-ligatures: normal; font-variant-caps: normal; font-weight: 400; letter-spacing: normal; orphans: 2; text-align: start; text-indent: 0px; text-transform: none; white-space: normal; widows: 2; word-spacing: 0px; -webkit-text-stroke-width: 0px; background-color: rgb(255, 255, 255); text-decoration-thickness: initial; text-decoration-style: initial; text-decoration-color: initial; display: inline !important; float: none;\"></span></p>','<p><span style=\"color: rgb(0, 0, 0); font-family: Roboto, sans-serif; font-size: 16px; font-style: normal; font-variant-ligatures: normal; font-variant-caps: normal; font-weight: 400; letter-spacing: normal; orphans: 2; text-align: start; text-indent: 0px; text-transform: none; white-space: normal; widows: 2; word-spacing: 0px; -webkit-text-stroke-width: 0px; background-color: rgb(255, 255, 255); text-decoration-thickness: initial; text-decoration-style: initial; text-decoration-color: initial; display: inline !important; float: none;\">Usaha, arus kuat, akselerasi</span><br style=\"box-sizing: border-box; text-shadow: rgba(0, 0, 0, 0.024) 1px 1px 1px; -webkit-font-smoothing: antialiased !important; backface-visibility: hidden !important; color: rgb(0, 0, 0); font-family: Roboto, sans-serif; font-size: 16px; font-style: normal; font-variant-ligatures: normal; font-variant-caps: normal; font-weight: 400; letter-spacing: normal; orphans: 2; text-align: start; text-indent: 0px; text-transform: none; white-space: normal; widows: 2; word-spacing: 0px; -webkit-text-stroke-width: 0px; background-color: rgb(255, 255, 255); text-decoration-thickness: initial; text-decoration-style: initial; text-decoration-color: initial;\"><span style=\"color: rgb(0, 0, 0); font-family: Roboto, sans-serif; font-size: 16px; font-style: normal; font-variant-ligatures: normal; font-variant-caps: normal; font-weight: 400; letter-spacing: normal; orphans: 2; text-align: start; text-indent: 0px; text-transform: none; white-space: normal; widows: 2; word-spacing: 0px; -webkit-text-stroke-width: 0px; background-color: rgb(255, 255, 255); text-decoration-thickness: initial; text-decoration-style: initial; text-decoration-color: initial; display: inline !important; float: none;\"></span></p>','<p><span style=\"color: rgb(0, 0, 0); font-family: Roboto, sans-serif; font-size: 16px; font-style: normal; font-variant-ligatures: normal; font-variant-caps: normal; font-weight: 400; letter-spacing: normal; orphans: 2; text-align: start; text-indent: 0px; text-transform: none; white-space: normal; widows: 2; word-spacing: 0px; -webkit-text-stroke-width: 0px; background-color: rgb(255, 255, 255); text-decoration-thickness: initial; text-decoration-style: initial; text-decoration-color: initial; display: inline !important; float: none;\">Volume, kepadatan, kecepatan</span><br style=\"box-sizing: border-box; text-shadow: rgba(0, 0, 0, 0.024) 1px 1px 1px; -webkit-font-smoothing: antialiased !important; backface-visibility: hidden !important; color: rgb(0, 0, 0); font-family: Roboto, sans-serif; font-size: 16px; font-style: normal; font-variant-ligatures: normal; font-variant-caps: normal; font-weight: 400; letter-spacing: normal; orphans: 2; text-align: start; text-indent: 0px; text-transform: none; white-space: normal; widows: 2; word-spacing: 0px; -webkit-text-stroke-width: 0px; background-color: rgb(255, 255, 255); text-decoration-thickness: initial; text-decoration-style: initial; text-decoration-color: initial;\"><br></p>',NULL,NULL,NULL,NULL,'C','2021-07-07 06:34:31'),(13,'1203012104950014','MP-0002',NULL,'<p><span style=\"color: rgb(0, 0, 0); font-family: Roboto, sans-serif; font-size: 16px; font-style: normal; font-variant-ligatures: normal; font-variant-caps: normal; font-weight: 400; letter-spacing: normal; orphans: 2; text-align: start; text-indent: 0px; text-transform: none; white-space: normal; widows: 2; word-spacing: 0px; -webkit-text-stroke-width: 0px; background-color: rgb(255, 255, 255); text-decoration-thickness: initial; text-decoration-style: initial; text-decoration-color: initial; display: inline !important; float: none;\"><span>&nbsp;</span>Saat mengukur panjang objek, hasil pengukuran adalah 0,04070 meter. Hasil pengukuran mengandung sejumlah … nomor penting.</span><br style=\"box-sizing: border-box; text-shadow: rgba(0, 0, 0, 0.024) 1px 1px 1px; -webkit-font-smoothing: antialiased !important; backface-visibility: hidden !important; color: rgb(0, 0, 0); font-family: Roboto, sans-serif; font-size: 16px; font-style: normal; font-variant-ligatures: normal; font-variant-caps: normal; font-weight: 400; letter-spacing: normal; orphans: 2; text-align: start; text-indent: 0px; text-transform: none; white-space: normal; widows: 2; word-spacing: 0px; -webkit-text-stroke-width: 0px; background-color: rgb(255, 255, 255); text-decoration-thickness: initial; text-decoration-style: initial; text-decoration-color: initial;\"><span style=\"color: rgb(0, 0, 0); font-family: Roboto, sans-serif; font-size: 16px; font-style: normal; font-variant-ligatures: normal; font-variant-caps: normal; font-weight: 400; letter-spacing: normal; orphans: 2; text-align: start; text-indent: 0px; text-transform: none; white-space: normal; widows: 2; word-spacing: 0px; -webkit-text-stroke-width: 0px; background-color: rgb(255, 255, 255); text-decoration-thickness: initial; text-decoration-style: initial; text-decoration-color: initial; display: inline !important; float: none;\"></span></p>','<p><span style=\"color: rgb(0, 0, 0); font-family: Roboto, sans-serif; font-size: 16px; font-style: normal; font-variant-ligatures: normal; font-variant-caps: normal; font-weight: 400; letter-spacing: normal; orphans: 2; text-align: start; text-indent: 0px; text-transform: none; white-space: normal; widows: 2; word-spacing: 0px; -webkit-text-stroke-width: 0px; background-color: rgb(255, 255, 255); text-decoration-thickness: initial; text-decoration-style: initial; text-decoration-color: initial; display: inline !important; float: none;\">Dua</span><br style=\"box-sizing: border-box; text-shadow: rgba(0, 0, 0, 0.024) 1px 1px 1px; -webkit-font-smoothing: antialiased !important; backface-visibility: hidden !important; color: rgb(0, 0, 0); font-family: Roboto, sans-serif; font-size: 16px; font-style: normal; font-variant-ligatures: normal; font-variant-caps: normal; font-weight: 400; letter-spacing: normal; orphans: 2; text-align: start; text-indent: 0px; text-transform: none; white-space: normal; widows: 2; word-spacing: 0px; -webkit-text-stroke-width: 0px; background-color: rgb(255, 255, 255); text-decoration-thickness: initial; text-decoration-style: initial; text-decoration-color: initial;\"><span style=\"color: rgb(0, 0, 0); font-family: Roboto, sans-serif; font-size: 16px; font-style: normal; font-variant-ligatures: normal; font-variant-caps: normal; font-weight: 400; letter-spacing: normal; orphans: 2; text-align: start; text-indent: 0px; text-transform: none; white-space: normal; widows: 2; word-spacing: 0px; -webkit-text-stroke-width: 0px; background-color: rgb(255, 255, 255); text-decoration-thickness: initial; text-decoration-style: initial; text-decoration-color: initial; display: inline !important; float: none;\"></span></p>','<p><span style=\"color: rgb(0, 0, 0); font-family: Roboto, sans-serif; font-size: 16px; font-style: normal; font-variant-ligatures: normal; font-variant-caps: normal; font-weight: 400; letter-spacing: normal; orphans: 2; text-align: start; text-indent: 0px; text-transform: none; white-space: normal; widows: 2; word-spacing: 0px; -webkit-text-stroke-width: 0px; background-color: rgb(255, 255, 255); text-decoration-thickness: initial; text-decoration-style: initial; text-decoration-color: initial; display: inline !important; float: none;\">Tiga</span><br style=\"box-sizing: border-box; text-shadow: rgba(0, 0, 0, 0.024) 1px 1px 1px; -webkit-font-smoothing: antialiased !important; backface-visibility: hidden !important; color: rgb(0, 0, 0); font-family: Roboto, sans-serif; font-size: 16px; font-style: normal; font-variant-ligatures: normal; font-variant-caps: normal; font-weight: 400; letter-spacing: normal; orphans: 2; text-align: start; text-indent: 0px; text-transform: none; white-space: normal; widows: 2; word-spacing: 0px; -webkit-text-stroke-width: 0px; background-color: rgb(255, 255, 255); text-decoration-thickness: initial; text-decoration-style: initial; text-decoration-color: initial;\"><span style=\"color: rgb(0, 0, 0); font-family: Roboto, sans-serif; font-size: 16px; font-style: normal; font-variant-ligatures: normal; font-variant-caps: normal; font-weight: 400; letter-spacing: normal; orphans: 2; text-align: start; text-indent: 0px; text-transform: none; white-space: normal; widows: 2; word-spacing: 0px; -webkit-text-stroke-width: 0px; background-color: rgb(255, 255, 255); text-decoration-thickness: initial; text-decoration-style: initial; text-decoration-color: initial; display: inline !important; float: none;\"></span></p>','<p><span style=\"color: rgb(0, 0, 0); font-family: Roboto, sans-serif; font-size: 16px; font-style: normal; font-variant-ligatures: normal; font-variant-caps: normal; font-weight: 400; letter-spacing: normal; orphans: 2; text-align: start; text-indent: 0px; text-transform: none; white-space: normal; widows: 2; word-spacing: 0px; -webkit-text-stroke-width: 0px; background-color: rgb(255, 255, 255); text-decoration-thickness: initial; text-decoration-style: initial; text-decoration-color: initial; display: inline !important; float: none;\">Empat</span><br style=\"box-sizing: border-box; text-shadow: rgba(0, 0, 0, 0.024) 1px 1px 1px; -webkit-font-smoothing: antialiased !important; backface-visibility: hidden !important; color: rgb(0, 0, 0); font-family: Roboto, sans-serif; font-size: 16px; font-style: normal; font-variant-ligatures: normal; font-variant-caps: normal; font-weight: 400; letter-spacing: normal; orphans: 2; text-align: start; text-indent: 0px; text-transform: none; white-space: normal; widows: 2; word-spacing: 0px; -webkit-text-stroke-width: 0px; background-color: rgb(255, 255, 255); text-decoration-thickness: initial; text-decoration-style: initial; text-decoration-color: initial;\"><span style=\"color: rgb(0, 0, 0); font-family: Roboto, sans-serif; font-size: 16px; font-style: normal; font-variant-ligatures: normal; font-variant-caps: normal; font-weight: 400; letter-spacing: normal; orphans: 2; text-align: start; text-indent: 0px; text-transform: none; white-space: normal; widows: 2; word-spacing: 0px; -webkit-text-stroke-width: 0px; background-color: rgb(255, 255, 255); text-decoration-thickness: initial; text-decoration-style: initial; text-decoration-color: initial; display: inline !important; float: none;\"></span></p>','<p><span style=\"color: rgb(0, 0, 0); font-family: Roboto, sans-serif; font-size: 16px; font-style: normal; font-variant-ligatures: normal; font-variant-caps: normal; font-weight: 400; letter-spacing: normal; orphans: 2; text-align: start; text-indent: 0px; text-transform: none; white-space: normal; widows: 2; word-spacing: 0px; -webkit-text-stroke-width: 0px; background-color: rgb(255, 255, 255); text-decoration-thickness: initial; text-decoration-style: initial; text-decoration-color: initial; display: inline !important; float: none;\">Lima</span><br></p>',NULL,NULL,NULL,NULL,'C','2021-07-07 06:36:06'),(14,'1203012104950014','MP-0002',NULL,'<p><span style=\"color: rgb(0, 0, 0); font-family: Roboto, sans-serif; font-size: 16px; font-style: normal; font-variant-ligatures: normal; font-variant-caps: normal; font-weight: 400; letter-spacing: normal; orphans: 2; text-align: start; text-indent: 0px; text-transform: none; white-space: normal; widows: 2; word-spacing: 0px; -webkit-text-stroke-width: 0px; background-color: rgb(255, 255, 255); text-decoration-thickness: initial; text-decoration-style: initial; text-decoration-color: initial; display: inline !important; float: none;\">Di antara kelompok yang ditetapkan di mana ada kelompok set vektor adalah …</span><br style=\"box-sizing: border-box; text-shadow: rgba(0, 0, 0, 0.024) 1px 1px 1px; -webkit-font-smoothing: antialiased !important; backface-visibility: hidden !important; color: rgb(0, 0, 0); font-family: Roboto, sans-serif; font-size: 16px; font-style: normal; font-variant-ligatures: normal; font-variant-caps: normal; font-weight: 400; letter-spacing: normal; orphans: 2; text-align: start; text-indent: 0px; text-transform: none; white-space: normal; widows: 2; word-spacing: 0px; -webkit-text-stroke-width: 0px; background-color: rgb(255, 255, 255); text-decoration-thickness: initial; text-decoration-style: initial; text-decoration-color: initial;\"><span style=\"color: rgb(0, 0, 0); font-family: Roboto, sans-serif; font-size: 16px; font-style: normal; font-variant-ligatures: normal; font-variant-caps: normal; font-weight: 400; letter-spacing: normal; orphans: 2; text-align: start; text-indent: 0px; text-transform: none; white-space: normal; widows: 2; word-spacing: 0px; -webkit-text-stroke-width: 0px; background-color: rgb(255, 255, 255); text-decoration-thickness: initial; text-decoration-style: initial; text-decoration-color: initial; display: inline !important; float: none;\"></span></p>','<p><span style=\"color: rgb(0, 0, 0); font-family: Roboto, sans-serif; font-size: 16px; font-style: normal; font-variant-ligatures: normal; font-variant-caps: normal; font-weight: 400; letter-spacing: normal; orphans: 2; text-align: start; text-indent: 0px; text-transform: none; white-space: normal; widows: 2; word-spacing: 0px; -webkit-text-stroke-width: 0px; background-color: rgb(255, 255, 255); text-decoration-thickness: initial; text-decoration-style: initial; text-decoration-color: initial; display: inline !important; float: none;\">Panjang, kekuatan, akselerasi, kecepatan.</span><br style=\"box-sizing: border-box; text-shadow: rgba(0, 0, 0, 0.024) 1px 1px 1px; -webkit-font-smoothing: antialiased !important; backface-visibility: hidden !important; color: rgb(0, 0, 0); font-family: Roboto, sans-serif; font-size: 16px; font-style: normal; font-variant-ligatures: normal; font-variant-caps: normal; font-weight: 400; letter-spacing: normal; orphans: 2; text-align: start; text-indent: 0px; text-transform: none; white-space: normal; widows: 2; word-spacing: 0px; -webkit-text-stroke-width: 0px; background-color: rgb(255, 255, 255); text-decoration-thickness: initial; text-decoration-style: initial; text-decoration-color: initial;\"><span style=\"color: rgb(0, 0, 0); font-family: Roboto, sans-serif; font-size: 16px; font-style: normal; font-variant-ligatures: normal; font-variant-caps: normal; font-weight: 400; letter-spacing: normal; orphans: 2; text-align: start; text-indent: 0px; text-transform: none; white-space: normal; widows: 2; word-spacing: 0px; -webkit-text-stroke-width: 0px; background-color: rgb(255, 255, 255); text-decoration-thickness: initial; text-decoration-style: initial; text-decoration-color: initial; display: inline !important; float: none;\"></span></p>','<p><span style=\"color: rgb(0, 0, 0); font-family: Roboto, sans-serif; font-size: 16px; font-style: normal; font-variant-ligatures: normal; font-variant-caps: normal; font-weight: 400; letter-spacing: normal; orphans: 2; text-align: start; text-indent: 0px; text-transform: none; white-space: normal; widows: 2; word-spacing: 0px; -webkit-text-stroke-width: 0px; background-color: rgb(255, 255, 255); text-decoration-thickness: initial; text-decoration-style: initial; text-decoration-color: initial; display: inline !important; float: none;\">kecepatan, berat, percepatan</span><br style=\"box-sizing: border-box; text-shadow: rgba(0, 0, 0, 0.024) 1px 1px 1px; -webkit-font-smoothing: antialiased !important; backface-visibility: hidden !important; color: rgb(0, 0, 0); font-family: Roboto, sans-serif; font-size: 16px; font-style: normal; font-variant-ligatures: normal; font-variant-caps: normal; font-weight: 400; letter-spacing: normal; orphans: 2; text-align: start; text-indent: 0px; text-transform: none; white-space: normal; widows: 2; word-spacing: 0px; -webkit-text-stroke-width: 0px; background-color: rgb(255, 255, 255); text-decoration-thickness: initial; text-decoration-style: initial; text-decoration-color: initial;\"><span style=\"color: rgb(0, 0, 0); font-family: Roboto, sans-serif; font-size: 16px; font-style: normal; font-variant-ligatures: normal; font-variant-caps: normal; font-weight: 400; letter-spacing: normal; orphans: 2; text-align: start; text-indent: 0px; text-transform: none; white-space: normal; widows: 2; word-spacing: 0px; -webkit-text-stroke-width: 0px; background-color: rgb(255, 255, 255); text-decoration-thickness: initial; text-decoration-style: initial; text-decoration-color: initial; display: inline !important; float: none;\"></span></p>','<p><span style=\"color: rgb(0, 0, 0); font-family: Roboto, sans-serif; font-size: 16px; font-style: normal; font-variant-ligatures: normal; font-variant-caps: normal; font-weight: 400; letter-spacing: normal; orphans: 2; text-align: start; text-indent: 0px; text-transform: none; white-space: normal; widows: 2; word-spacing: 0px; -webkit-text-stroke-width: 0px; background-color: rgb(255, 255, 255); text-decoration-thickness: initial; text-decoration-style: initial; text-decoration-color: initial; display: inline !important; float: none;\">Impuls, jarak, suhu</span><br style=\"box-sizing: border-box; text-shadow: rgba(0, 0, 0, 0.024) 1px 1px 1px; -webkit-font-smoothing: antialiased !important; backface-visibility: hidden !important; color: rgb(0, 0, 0); font-family: Roboto, sans-serif; font-size: 16px; font-style: normal; font-variant-ligatures: normal; font-variant-caps: normal; font-weight: 400; letter-spacing: normal; orphans: 2; text-align: start; text-indent: 0px; text-transform: none; white-space: normal; widows: 2; word-spacing: 0px; -webkit-text-stroke-width: 0px; background-color: rgb(255, 255, 255); text-decoration-thickness: initial; text-decoration-style: initial; text-decoration-color: initial;\"><span style=\"color: rgb(0, 0, 0); font-family: Roboto, sans-serif; font-size: 16px; font-style: normal; font-variant-ligatures: normal; font-variant-caps: normal; font-weight: 400; letter-spacing: normal; orphans: 2; text-align: start; text-indent: 0px; text-transform: none; white-space: normal; widows: 2; word-spacing: 0px; -webkit-text-stroke-width: 0px; background-color: rgb(255, 255, 255); text-decoration-thickness: initial; text-decoration-style: initial; text-decoration-color: initial; display: inline !important; float: none;\"></span></p>','<p><span style=\"color: rgb(0, 0, 0); font-family: Roboto, sans-serif; font-size: 16px; font-style: normal; font-variant-ligatures: normal; font-variant-caps: normal; font-weight: 400; letter-spacing: normal; orphans: 2; text-align: start; text-indent: 0px; text-transform: none; white-space: normal; widows: 2; word-spacing: 0px; -webkit-text-stroke-width: 0px; background-color: rgb(255, 255, 255); text-decoration-thickness: initial; text-decoration-style: initial; text-decoration-color: initial; display: inline !important; float: none;\">Luas, volume, kepadatan</span><br style=\"box-sizing: border-box; text-shadow: rgba(0, 0, 0, 0.024) 1px 1px 1px; -webkit-font-smoothing: antialiased !important; backface-visibility: hidden !important; color: rgb(0, 0, 0); font-family: Roboto, sans-serif; font-size: 16px; font-style: normal; font-variant-ligatures: normal; font-variant-caps: normal; font-weight: 400; letter-spacing: normal; orphans: 2; text-align: start; text-indent: 0px; text-transform: none; white-space: normal; widows: 2; word-spacing: 0px; -webkit-text-stroke-width: 0px; background-color: rgb(255, 255, 255); text-decoration-thickness: initial; text-decoration-style: initial; text-decoration-color: initial;\"><br></p>',NULL,NULL,NULL,NULL,'B','2021-07-07 06:37:53'),(15,'1203012104950014','MP-0002',NULL,'<p><span style=\"color: rgb(0, 0, 0); font-family: Roboto, sans-serif; font-size: 16px; font-style: normal; font-variant-ligatures: normal; font-variant-caps: normal; font-weight: 400; letter-spacing: normal; orphans: 2; text-align: start; text-indent: 0px; text-transform: none; white-space: normal; widows: 2; word-spacing: 0px; -webkit-text-stroke-width: 0px; background-color: rgb(255, 255, 255); text-decoration-thickness: initial; text-decoration-style: initial; text-decoration-color: initial; display: inline !important; float: none;\">Ukuran vektor mengikuti, kecuali …</span><br style=\"box-sizing: border-box; text-shadow: rgba(0, 0, 0, 0.024) 1px 1px 1px; -webkit-font-smoothing: antialiased !important; backface-visibility: hidden !important; color: rgb(0, 0, 0); font-family: Roboto, sans-serif; font-size: 16px; font-style: normal; font-variant-ligatures: normal; font-variant-caps: normal; font-weight: 400; letter-spacing: normal; orphans: 2; text-align: start; text-indent: 0px; text-transform: none; white-space: normal; widows: 2; word-spacing: 0px; -webkit-text-stroke-width: 0px; background-color: rgb(255, 255, 255); text-decoration-thickness: initial; text-decoration-style: initial; text-decoration-color: initial;\"><span style=\"color: rgb(0, 0, 0); font-family: Roboto, sans-serif; font-size: 16px; font-style: normal; font-variant-ligatures: normal; font-variant-caps: normal; font-weight: 400; letter-spacing: normal; orphans: 2; text-align: start; text-indent: 0px; text-transform: none; white-space: normal; widows: 2; word-spacing: 0px; -webkit-text-stroke-width: 0px; background-color: rgb(255, 255, 255); text-decoration-thickness: initial; text-decoration-style: initial; text-decoration-color: initial; display: inline !important; float: none;\"></span></p>','<p><span style=\"color: rgb(0, 0, 0); font-family: Roboto, sans-serif; font-size: 16px; font-style: normal; font-variant-ligatures: normal; font-variant-caps: normal; font-weight: 400; letter-spacing: normal; orphans: 2; text-align: start; text-indent: 0px; text-transform: none; white-space: normal; widows: 2; word-spacing: 0px; -webkit-text-stroke-width: 0px; background-color: rgb(255, 255, 255); text-decoration-thickness: initial; text-decoration-style: initial; text-decoration-color: initial; display: inline !important; float: none;\">Upaya</span><br style=\"box-sizing: border-box; text-shadow: rgba(0, 0, 0, 0.024) 1px 1px 1px; -webkit-font-smoothing: antialiased !important; backface-visibility: hidden !important; color: rgb(0, 0, 0); font-family: Roboto, sans-serif; font-size: 16px; font-style: normal; font-variant-ligatures: normal; font-variant-caps: normal; font-weight: 400; letter-spacing: normal; orphans: 2; text-align: start; text-indent: 0px; text-transform: none; white-space: normal; widows: 2; word-spacing: 0px; -webkit-text-stroke-width: 0px; background-color: rgb(255, 255, 255); text-decoration-thickness: initial; text-decoration-style: initial; text-decoration-color: initial;\"><span style=\"color: rgb(0, 0, 0); font-family: Roboto, sans-serif; font-size: 16px; font-style: normal; font-variant-ligatures: normal; font-variant-caps: normal; font-weight: 400; letter-spacing: normal; orphans: 2; text-align: start; text-indent: 0px; text-transform: none; white-space: normal; widows: 2; word-spacing: 0px; -webkit-text-stroke-width: 0px; background-color: rgb(255, 255, 255); text-decoration-thickness: initial; text-decoration-style: initial; text-decoration-color: initial; display: inline !important; float: none;\"></span></p>','<p><span style=\"color: rgb(0, 0, 0); font-family: Roboto, sans-serif; font-size: 16px; font-style: normal; font-variant-ligatures: normal; font-variant-caps: normal; font-weight: 400; letter-spacing: normal; orphans: 2; text-align: start; text-indent: 0px; text-transform: none; white-space: normal; widows: 2; word-spacing: 0px; -webkit-text-stroke-width: 0px; background-color: rgb(255, 255, 255); text-decoration-thickness: initial; text-decoration-style: initial; text-decoration-color: initial; display: inline !important; float: none;\">Gaya</span><br style=\"box-sizing: border-box; text-shadow: rgba(0, 0, 0, 0.024) 1px 1px 1px; -webkit-font-smoothing: antialiased !important; backface-visibility: hidden !important; color: rgb(0, 0, 0); font-family: Roboto, sans-serif; font-size: 16px; font-style: normal; font-variant-ligatures: normal; font-variant-caps: normal; font-weight: 400; letter-spacing: normal; orphans: 2; text-align: start; text-indent: 0px; text-transform: none; white-space: normal; widows: 2; word-spacing: 0px; -webkit-text-stroke-width: 0px; background-color: rgb(255, 255, 255); text-decoration-thickness: initial; text-decoration-style: initial; text-decoration-color: initial;\"><span style=\"color: rgb(0, 0, 0); font-family: Roboto, sans-serif; font-size: 16px; font-style: normal; font-variant-ligatures: normal; font-variant-caps: normal; font-weight: 400; letter-spacing: normal; orphans: 2; text-align: start; text-indent: 0px; text-transform: none; white-space: normal; widows: 2; word-spacing: 0px; -webkit-text-stroke-width: 0px; background-color: rgb(255, 255, 255); text-decoration-thickness: initial; text-decoration-style: initial; text-decoration-color: initial; display: inline !important; float: none;\"></span></p>','<p><span style=\"color: rgb(0, 0, 0); font-family: Roboto, sans-serif; font-size: 16px; font-style: normal; font-variant-ligatures: normal; font-variant-caps: normal; font-weight: 400; letter-spacing: normal; orphans: 2; text-align: start; text-indent: 0px; text-transform: none; white-space: normal; widows: 2; word-spacing: 0px; -webkit-text-stroke-width: 0px; background-color: rgb(255, 255, 255); text-decoration-thickness: initial; text-decoration-style: initial; text-decoration-color: initial; display: inline !important; float: none;\">Akselerasi</span><br style=\"box-sizing: border-box; text-shadow: rgba(0, 0, 0, 0.024) 1px 1px 1px; -webkit-font-smoothing: antialiased !important; backface-visibility: hidden !important; color: rgb(0, 0, 0); font-family: Roboto, sans-serif; font-size: 16px; font-style: normal; font-variant-ligatures: normal; font-variant-caps: normal; font-weight: 400; letter-spacing: normal; orphans: 2; text-align: start; text-indent: 0px; text-transform: none; white-space: normal; widows: 2; word-spacing: 0px; -webkit-text-stroke-width: 0px; background-color: rgb(255, 255, 255); text-decoration-thickness: initial; text-decoration-style: initial; text-decoration-color: initial;\"><span style=\"color: rgb(0, 0, 0); font-family: Roboto, sans-serif; font-size: 16px; font-style: normal; font-variant-ligatures: normal; font-variant-caps: normal; font-weight: 400; letter-spacing: normal; orphans: 2; text-align: start; text-indent: 0px; text-transform: none; white-space: normal; widows: 2; word-spacing: 0px; -webkit-text-stroke-width: 0px; background-color: rgb(255, 255, 255); text-decoration-thickness: initial; text-decoration-style: initial; text-decoration-color: initial; display: inline !important; float: none;\"></span></p>','<p><span style=\"color: rgb(0, 0, 0); font-family: Roboto, sans-serif; font-size: 16px; font-style: normal; font-variant-ligatures: normal; font-variant-caps: normal; font-weight: 400; letter-spacing: normal; orphans: 2; text-align: start; text-indent: 0px; text-transform: none; white-space: normal; widows: 2; word-spacing: 0px; -webkit-text-stroke-width: 0px; background-color: rgb(255, 255, 255); text-decoration-thickness: initial; text-decoration-style: initial; text-decoration-color: initial; display: inline !important; float: none;\">Berat badan</span><br style=\"box-sizing: border-box; text-shadow: rgba(0, 0, 0, 0.024) 1px 1px 1px; -webkit-font-smoothing: antialiased !important; backface-visibility: hidden !important; color: rgb(0, 0, 0); font-family: Roboto, sans-serif; font-size: 16px; font-style: normal; font-variant-ligatures: normal; font-variant-caps: normal; font-weight: 400; letter-spacing: normal; orphans: 2; text-align: start; text-indent: 0px; text-transform: none; white-space: normal; widows: 2; word-spacing: 0px; -webkit-text-stroke-width: 0px; background-color: rgb(255, 255, 255); text-decoration-thickness: initial; text-decoration-style: initial; text-decoration-color: initial;\"><span style=\"color: rgb(0, 0, 0); font-family: Roboto, sans-serif; font-size: 16px; font-style: normal; font-variant-ligatures: normal; font-variant-caps: normal; font-weight: 400; letter-spacing: normal; orphans: 2; text-align: start; text-indent: 0px; text-transform: none; white-space: normal; widows: 2; word-spacing: 0px; -webkit-text-stroke-width: 0px; background-color: rgb(255, 255, 255); text-decoration-thickness: initial; text-decoration-style: initial; text-decoration-color: initial; display: inline !important; float: none;\"><br></span></p>',NULL,NULL,NULL,NULL,'A','2021-07-07 06:39:14'),(16,'1203012104950014','MP-0002',NULL,'<p>Suatu partikel bergerak melingkar 2 rad/det. Kecepatan sudut awalnya adalah 30 rad/det. Setelah 5 detk sudut yang ditempuh partikel adalah . . .&nbsp;</p>','<p>150 rad</p>','<p>175 rad</p>','<p>200 rad</p>','<p>225 rad</p>',NULL,NULL,NULL,NULL,'B','2022-07-07 10:43:06');

/*Table structure for table `tahunajaran` */

DROP TABLE IF EXISTS `tahunajaran`;

CREATE TABLE `tahunajaran` (
  `id` int(11) NOT NULL,
  `thnajaran` varchar(9) DEFAULT NULL,
  PRIMARY KEY (`id`)
) ENGINE=InnoDB DEFAULT CHARSET=latin1;

/*Data for the table `tahunajaran` */

insert  into `tahunajaran`(`id`,`thnajaran`) values (1,'2021/2022');

/*Table structure for table `temp_kelas` */

DROP TABLE IF EXISTS `temp_kelas`;

CREATE TABLE `temp_kelas` (
  `id_temp` int(11) NOT NULL AUTO_INCREMENT,
  `id_kelas_temp` varchar(20) DEFAULT NULL,
  `id_siswa_temp` varchar(20) DEFAULT NULL,
  `thn_temp` varchar(20) DEFAULT NULL,
  PRIMARY KEY (`id_temp`)
) ENGINE=InnoDB AUTO_INCREMENT=253 DEFAULT CHARSET=latin1;

/*Data for the table `temp_kelas` */

insert  into `temp_kelas`(`id_temp`,`id_kelas_temp`,`id_siswa_temp`,`thn_temp`) values (240,'K-00006','00313274','2021/2022'),(241,'K-00006','00320794','2021/2022'),(242,'K-00003','00398810','2021/2022'),(243,'K-00006','00461926','2021/2022'),(244,'K-00003','00480546','2021/2022'),(245,'K-00003','00509525','2021/2022'),(246,'K-00007','00313274','2022/2023'),(247,'K-00007','00320794','2022/2023'),(248,'K-00007','00461926','2022/2023'),(249,'K-00009','00510172','2022/2023'),(250,'K-00009','00514450','2022/2023'),(251,'K-00009','00514666','2022/2023'),(252,'K-00003','00515427','2022/2023');

/*Table structure for table `tmp_soal` */

DROP TABLE IF EXISTS `tmp_soal`;

CREATE TABLE `tmp_soal` (
  `id` mediumint(9) NOT NULL AUTO_INCREMENT,
  `id_ujian_temp` varchar(20) DEFAULT NULL,
  `id_soal_temp` mediumint(9) DEFAULT NULL,
  PRIMARY KEY (`id`)
) ENGINE=InnoDB AUTO_INCREMENT=16 DEFAULT CHARSET=latin1;

/*Data for the table `tmp_soal` */

insert  into `tmp_soal`(`id`,`id_ujian_temp`,`id_soal_temp`) values (2,'UJNPNDKSP-0000001',2),(3,'UJNPNDKSP-0000001',1),(4,'UJNPNDKSP-0000001',3),(5,'UJNPNDKSP-0000002',3),(6,'UJNPNDKSP-0000003',5),(7,'UJNPNDKSP-0000003',4),(8,'UJNPNDKSP-0000003',3),(9,'UJNPNDKSP-0000003',2),(10,'UJNPNDKSP-0000004',9),(11,'UJNPNDKSP-0000004',8),(12,'UJNPNDKSP-0000004',7),(13,'UJNPNDKSP-0000005',16),(14,'UJNPNDKSP-0000005',15),(15,'UJNPNDKSP-0000005',14);

/*Table structure for table `ujian` */

DROP TABLE IF EXISTS `ujian`;

CREATE TABLE `ujian` (
  `id_ujian` varchar(20) NOT NULL,
  `guru_ujian` varchar(20) DEFAULT NULL,
  `mapel_ujian` varchar(20) DEFAULT NULL,
  `kelas_ujian` varchar(20) DEFAULT NULL,
  `nama_ujian` varchar(200) DEFAULT NULL,
  `jumlah_soal` int(11) DEFAULT NULL,
  `waktu` int(11) DEFAULT NULL,
  `tgl_mulai` datetime DEFAULT NULL,
  `tgl_selesai` datetime DEFAULT NULL,
  PRIMARY KEY (`id_ujian`)
) ENGINE=InnoDB DEFAULT CHARSET=latin1;

/*Data for the table `ujian` */

insert  into `ujian`(`id_ujian`,`guru_ujian`,`mapel_ujian`,`kelas_ujian`,`nama_ujian`,`jumlah_soal`,`waktu`,`tgl_mulai`,`tgl_selesai`) values ('UJNPNDKSP-0000001','92116321','MP-0003','K-00002','KUIS BAHASA INDONESIA II',3,1,'2021-04-13 10:57:00','2021-04-22 23:00:00'),('UJNPNDKSP-0000002','92116321','MP-0001','K-00001','KUIS MATEMATIKA I',1,5,'2021-04-13 12:14:00','2021-04-23 17:15:00'),('UJNPNDKSP-0000003','92116321','MP-0003','K-00002','KUIS BAHASA INDONESIA III',4,20,'2021-04-18 14:38:00','2021-04-18 19:00:00'),('UJNPNDKSP-0000004','1223040506950005','MP-0007','K-00005','Latihan Akidah Akhlak',3,60,'2021-06-29 10:00:00','2021-06-29 11:00:00'),('UJNPNDKSP-0000005','1203012104950014','MP-0002','K-00007','Latihan',3,60,'2022-07-07 10:43:00','2022-07-07 11:43:00');

/*Table structure for table `user` */

DROP TABLE IF EXISTS `user`;

CREATE TABLE `user` (
  `username` varchar(18) NOT NULL,
  `password` varchar(32) DEFAULT NULL,
  `nama_user` varchar(50) DEFAULT NULL,
  `jenkel_user` varchar(1) DEFAULT NULL,
  `email_user` varchar(50) DEFAULT NULL,
  `notel_user` varchar(13) DEFAULT NULL,
  `alamat_user` text DEFAULT NULL,
  `level_user` int(11) DEFAULT NULL,
  `aktiftgl` datetime DEFAULT current_timestamp(),
  `foto_user` varchar(51) DEFAULT NULL,
  PRIMARY KEY (`username`)
) ENGINE=InnoDB DEFAULT CHARSET=latin1;

/*Data for the table `user` */

insert  into `user`(`username`,`password`,`nama_user`,`jenkel_user`,`email_user`,`notel_user`,`alamat_user`,`level_user`,`aktiftgl`,`foto_user`) values ('00313274','81dc9bdb52d04dc20036dbd8313ed055','Firmansyah','L','Firman@gmail.com','081256786567','Komp. MAS KH. Ahmad Dahlan Kampung Setia',3,'2021-06-29 16:29:52','images/siswa/c6744afb8b0753da6b793a682f2bc365.jpg'),('00320794','81dc9bdb52d04dc20036dbd8313ed055','Nur Aisyah Siregar','P','aisyah@gmail.com','087721367898','Komp. MAS KH. Ahmad Dahlan Kampung Setia',3,'2021-07-07 06:18:56','images/siswa/0ec615cc3cfe9e9f201012b944551649.png'),('00398810','81dc9bdb52d04dc20036dbd8313ed055','Andi Ragil Siregar','L','andiragil@gmail.com','081267876567','Komp. MAS KH. Ahmad Dahlan Kampung Setia',3,'2021-06-29 16:04:56','images/siswa/998d302f4d043ea03cd9e2338e90c028.jpg'),('00461926','81dc9bdb52d04dc20036dbd8313ed055','Maya Sari Simbolon','P','mayasari@gmail.com','087712789865','Komp. MAS KH. Ahmad Dahlan Kampung Setia',3,'2021-06-29 15:51:32','images/siswa/713e1ab15fd17c86c541aab03a1c1dac.png'),('00480546','81dc9bdb52d04dc20036dbd8313ed055','Hilda Rayana','P','hilda@gmail.com','081267878976','Komp. MAS KH. Ahmad Dahlan Kampung Setia',3,'2021-06-29 16:34:20','images/siswa/293686ae31b855e6fa5ffa6e66fa6e00.png'),('00509525','81dc9bdb52d04dc20036dbd8313ed055','Feri Khairiwanshah Harahap','L','ferikhairiwansah@gmail.com','081278654534','Komp. MAS KH. Ahmad Dahlan Kampung Setia',3,'2021-06-29 15:34:39','images/siswa/5d5d9be85ebe300aaa1b1c3eb1b5d00c.jpg'),('00510172','81dc9bdb52d04dc20036dbd8313ed055','Farhan Sani','L','farhansani@gmail.com','081267564567','Komp. MAS KH. Ahmad Dahlan Kampung Setia',3,'2021-06-29 16:27:22','images/siswa/75a965003e04916956dd962c00146c0a.jpg'),('00514450','81dc9bdb52d04dc20036dbd8313ed055','Abu Dujanah Siregar','L','dujanah@gmail.com','087723123456','Komp. MAS KH. Ahmad Dahlan Kampung Setia',3,'2021-06-28 22:04:23','images/siswa/09eaf546932b3d17c0dc51f58238f234.jpg'),('00514666','81dc9bdb52d04dc20036dbd8313ed055','Amelia Putri Siregar','L','ameliaputri@gmail.com','087745654345','Komp. MAS KH. Ahmad Dahlan Kampung Setia',3,'2021-06-29 15:05:48','images/siswa/5effd8a9297e9f18c5952ae1866c8729.png'),('00515427','81dc9bdb52d04dc20036dbd8313ed055','ANNISA RIZKY LUBIS','P','annisarizky@gmail.com','087756786545','Komp. MAS KH. Ahmad Dahlan Kampung Setia',3,'2021-06-29 15:29:41','images/siswa/41328035ac6487ee0c1e16c06a47e08e.png'),('00515728','81dc9bdb52d04dc20036dbd8313ed055','Mawaddah rahmadani','P','mawaddah@gmail.com','081234567876','Komp. MAS KH. Ahmad Dahlan Kampung Setia',3,'2021-06-29 16:38:19','images/siswa/2b8d29e37f462bca77491f13ebbb8c7c.png'),('00521147','81dc9bdb52d04dc20036dbd8313ed055','Hafidi Rizki Gultom','L','hafidi@gmail.com','081256453456','Komp. MAS KH. Ahmad Dahlan Kampung Setia',3,'2021-06-29 15:45:19','images/siswa/b43b5db394843984c2ef0b60ba0e1dee.jpg'),('00525796','81dc9bdb52d04dc20036dbd8313ed055','Lasdi Yori Pane','L','lasdiyori@gmail.com','0877898767898','Komp. MAS KH. Ahmad Dahlan Kampung Setia',3,'2021-06-29 16:36:15','images/siswa/0ca3463928fdde3eace5258f412ed63f.png'),('00544354','81dc9bdb52d04dc20036dbd8313ed055','Aripin Muttaqin Harahap','L','aripin@gmail.com','081267545678','Komp. MAS KH. Ahmad Dahlan Kampung Setia',3,'2021-06-29 16:08:04','images/siswa/1ee1d2f0e1eae17b20035b9bd24e68ea.jpg'),('00571397','81dc9bdb52d04dc20036dbd8313ed055','Hafifah Hanim','P','hafifah@gmail.com','081267545676','Komp. MAS KH. Ahmad Dahlan Kampung Setia',3,'2021-06-29 16:31:46','images/siswa/0dfed58c9522cd112e32be7ae515cace.png'),('00572042','81dc9bdb52d04dc20036dbd8313ed055','Ananda Tegar Samudra','L','ananda@gmail.com','087756435678','Komp. MAS KH. Ahmad Dahlan Kampung Setia',3,'2021-06-28 22:36:25','images/siswa/877cbd8d0fea3da758465cc099faf142.jpg'),('00584430','81dc9bdb52d04dc20036dbd8313ed055','Dinda Dwi Azira','P','dindaazira@gamail.com','081267890989','Komp. MAS KH. Ahmad Dahlan Kampung Setia',3,'2021-06-29 16:25:43','images/siswa/4d407521fa9ff70cc4c04cd54c9fb594.png'),('00694452','81dc9bdb52d04dc20036dbd8313ed055','Intan Aulia  Putri','P','aintanaulia@gmail.com','087712346787','Komp. MAS KH. Ahmad Dahlan Kampung Setia',3,'2021-06-29 15:47:47','images/siswa/92249391e651824cdb75fc0a5a3120b1.png'),('1111111111111112','827ccb0eea8a706c4c34a16891f84e7b','Panji Siregar','L','Pss1@gmail.com','082381386888','Batusangkar',2,'2021-07-01 22:54:06','images/guru/d3ff6727b2f0761230f847cfb5ccc6ba.jpg'),('1201042504710002','827ccb0eea8a706c4c34a16891f84e7b','Mahmuddin Siregar, S. Pd','L','mahmuddin@gmail.com','082267889878','Jl. Lobu Tanjung Baringin Kampung Setia Sarogodung',2,'2021-06-29 14:54:40','images/guru/edaa6291fc58baa200c25eae14c40ff4.jpg'),('1203012104950014','827ccb0eea8a706c4c34a16891f84e7b','Andrie Hadinata Pane, S. Pd','L','andriehadinata@gmail.com','082256765434','Jl. Lobu Tanjung Baringin Kampung Setia Sarogodung',2,'2021-06-28 21:26:38','images/guru/6646fe0eb2f6f60f3b8560dd2e978685.jpg'),('1203025105720002','827ccb0eea8a706c4c34a16891f84e7b','Misnarti, S. Pd','P','misniarti@gmail.com','086578654356','Jl. Lobu Tanjung Baringin Kampung Setia Sarogodung',2,'2021-06-29 14:51:02','images/guru/d6d105fa48f2101cb719ae583cef6e58.jpg'),('1203040912660002','827ccb0eea8a706c4c34a16891f84e7b','Kemis P, S. Pd','L','kemis@gmail.com','082212567865','Jl. Lobu Tanjung Baringin Kampung Setia Sarogodung',2,'2021-06-29 14:45:51','images/guru/d0589748b4724ffbf8f2e20ebadc03e6.jpg'),('1203041111680002','827ccb0eea8a706c4c34a16891f84e7b','Askari','L','askari@gmail.com','082345679098','Jl. Lobu Tanjung Baringin Kampung Setia Sarogodung',2,'2021-06-29 14:52:37','images/guru/fd1342994db29ecc7f59a0d8b36a14cf.jpg'),('1203041811950001','827ccb0eea8a706c4c34a16891f84e7b','Rido Muliadi Batubara, S. Pd','L','ridomuliadi@gmail.com','0823564534567','Jl. Lobu Tanjung Baringin Kampung Setia Sarogodung',2,'2021-06-29 14:56:34','images/guru/6906600af85521baaf6ee4a8cd7eabe7.jpg'),('1203042101910001','827ccb0eea8a706c4c34a16891f84e7b','Ikhsan Bonar Pratama, S. Pd','L','ikhsanbonar@gmail.com','082212456765','Jl. LobubTanjung Baringin Kampung Setia Sarogodung',2,'2021-06-28 21:22:17','images/guru/b63e2c7f724e77525a441644b4407e9f.jpg'),('1203042606680007','827ccb0eea8a706c4c34a16891f84e7b','Mara Honip, S. Pd','L','marahonip@gmail.com','082345323456','Jl. Lobu Tanjung Baringin Kampung Setia Sarogodung',2,'2021-06-29 14:49:32','images/guru/f097b579bcff2ddd988175485f2f4740.jpg'),('1203045409960005','827ccb0eea8a706c4c34a16891f84e7b','Santi Pertiwi Pane','P','santipertiwi@gmail.com','085212456765','Jl. Lobu Tanjung Baringin Kampung Setia Sarogodung',2,'2021-06-29 14:58:02','images/guru/2294c8179dafe72bdff68157df62c483.jpg'),('1203045810670006','827ccb0eea8a706c4c34a16891f84e7b','Dra. Yusdamurni','P','yusdamurni@gmail.com','085345678976','Jl. Lobu Tanjung Baringin Kampung Setia Sarogodung',2,'2021-06-29 14:47:31','images/guru/108df7a470059ca748fb08831b05315b.jpg'),('1203046403870004','827ccb0eea8a706c4c34a16891f84e7b','Tuti Adawiyah Siregar','P','adawiyah@gmail.com','082256432345','Jl. Lobu Tanjung Baringin Kampung Setia Sarogodung',2,'2021-06-29 14:30:46','images/guru/8cb1e403d557a243c375012c48977e44.png'),('1203046504910003','827ccb0eea8a706c4c34a16891f84e7b','Filda Fitriyanti, S. Pd','P','filda@gmail.com','082345435654','Jl. Lobu Tanjung Baringin Kampung Setia Sarogodung',2,'2021-06-29 14:36:39','images/guru/bb066760822793820f56339f89844946.png'),('1203046605910004','827ccb0eea8a706c4c34a16891f84e7b','Maya Fitriani Batubara, S. Pd','P','mayafitriani@gmail.com','082212676545','Jl. Lobu Tanjung Baringin Kampung Setia Sarogodung',2,'2021-06-29 14:24:16','images/guru/f24c33fdd33dd666aaf5f3074f06bca5.jpg'),('1203144107040007','827ccb0eea8a706c4c34a16891f84e7b','Masniari Batubara, S. Pd','P','masniar@gmail.com','082256765467','Jl. LobubTanjung Baringin Kampung Setia Sarogodung',2,'2021-06-28 21:24:32','images/guru/9c9ae8da4ad3f6816f84d010fcae9423.png'),('1203212011900003','827ccb0eea8a706c4c34a16891f84e7b','Febriandi Siregar, S. Pd','L','febriandi@gmail.com','082212564345','Jl. Lobu Tanjung Baringin Kampung Setia Sarogodung',2,'2021-06-29 14:42:52','images/guru/7207166e00291791fa8bf9215221dc80.jpg'),('1213031603940001','827ccb0eea8a706c4c34a16891f84e7b','M.  Adi Rahman , SPd','L','adirahman@gmail.com','085212567654','Jl. Lobu Tanjung Baringin Kampung Setia Sarogodung',2,'2021-06-28 21:40:46','images/guru/3d403a856d63cf892bba9fbb6e265ecb.jpg'),('1213061607930004','827ccb0eea8a706c4c34a16891f84e7b','Rahmad Syahril, S. Pd','L','rahmadsyahril@gmail.com','082256761267','Jl. Lobu Tanjung Baringin Kampung Setia Sarogodung',2,'2021-06-29 14:29:05','images/guru/cb78ffba50e13c597624f23cec0494c7.jpg'),('1221080303930002','827ccb0eea8a706c4c34a16891f84e7b','Abdul Halim, S. Pd','L','abdulhalim@gmail.com','082278651234','Jl. Lobu Tanjung Baringin Kampung Setia Sarogodung',2,'2021-06-28 21:44:14','images/guru/064c84ffebe7eca7300cd20f41d62f47.jpg'),('1223040506950005','827ccb0eea8a706c4c34a16891f84e7b','Muhammad Rivai Hutasuhut, S. Pd','L','mhdrivai@gmail.com','085234563245','Jl. Lobu Tanjung Baringin Kampung Setia Sarogodung',2,'2021-06-28 21:34:49','images/guru/3fb935518b3cdb26b4934c9f97353d5e.jpg'),('1277046004980002','827ccb0eea8a706c4c34a16891f84e7b','Perak Yanti P, S. Pd.I','P','yanti@gmail.com','085234567654','Jl. Lobu Tanjung Baringin Kampung Setia Sarogodung',2,'2021-06-29 14:33:50','images/guru/21747ef3cd87a9f9be676dbd92c40c22.jpg'),('30570979','81dc9bdb52d04dc20036dbd8313ed055','Nabila Khairani','P','nabilakhairani@gmaul','082212675456','Komp. MAS KH. Ahmad Dahlan Kampung Setia',3,'2021-06-29 15:57:46','images/siswa/a6b062ca620b34ce71a99bdde7177a2e.png'),('30586921','81dc9bdb52d04dc20036dbd8313ed055','Diah Satriani Ritonga','P','diahsatriani@gmail.com','087712567876','Komp. MAS KH. Ahmad Dahlan Kampung Setia',3,'2021-06-29 16:11:18','images/siswa/83ae7206b565edb6886ad21e109dd028.png'),('30598835','81dc9bdb52d04dc20036dbd8313ed055','Aisyah Siregar','P','aisyah@gmail.com','081256543456','Komp. MAS KH. Ahmad Dahlan Kampung Setia',3,'2021-06-28 22:29:15','images/siswa/13431beb50d0b8f24cc820a501793d93.png'),('51234111','827ccb0eea8a706c4c34a16891f84e7b','Aql','L','aqil@gmail.com','082356422345','Batusangkar',2,'2021-06-27 00:54:29','images/guru/428e1c06a2bfe64ed62f34dcfe30e85a.png'),('71234111','202cb962ac59075b964b07152d234b70','Wildani','L','wildani@gmail.com','08782312342','Padang Pariaman',2,'2021-03-22 13:16:04','images/guru/af71f1a0afe05c5e673a684e15993bb8.png'),('87654321','827ccb0eea8a706c4c34a16891f84e7b','Helmi','P','helmi@gmail.com','0821987244551','Alahan Panjang',2,'2021-03-17 14:41:19','images/guru/7a984215e8ae94da2950c34de8ea4393.jpg'),('92116321','202cb962ac59075b964b07152d234b70','Dasrial','L','das09@gmail.com','08782312342','Padang Panjang',2,'2021-03-17 14:54:44','images/guru/755e5ff26daa3270d5f8c79e1444950a.jpg'),('admin','202cb962ac59075b964b07152d234b70','Kurrota Akyun','P','akyun@gmail.com','082388991123','Padang Panjang',1,'2021-03-16 22:08:07','images/admin/36ab6da3ebb333cfc31f51595ca5232c.png');

/* Trigger structure for table `tahunajaran` */

DELIMITER $$

/*!50003 DROP TRIGGER*//*!50032 IF EXISTS */ /*!50003 `update` */$$

/*!50003 CREATE */ /*!50017 DEFINER = 'root'@'localhost' */ /*!50003 TRIGGER `update` AFTER UPDATE ON `tahunajaran` FOR EACH ROW BEGIN
	update siswa set tingkat_siswa=tingkat_siswa+1;
    END */$$


DELIMITER ;

/*!40101 SET SQL_MODE=@OLD_SQL_MODE */;
/*!40014 SET FOREIGN_KEY_CHECKS=@OLD_FOREIGN_KEY_CHECKS */;
/*!40014 SET UNIQUE_CHECKS=@OLD_UNIQUE_CHECKS */;
/*!40111 SET SQL_NOTES=@OLD_SQL_NOTES */;
